ticker,name,con_id,local_symbol,date,open,high,low,close,volume,bar_count,average
AAPL,APPLE INC,265598,AAPL,20260717,332.17,334.99,329.0,333.74,1074154,355728,332.404
AAPL,APPLE INC,265598,AAPL,20260720,333.5,333.71,323.68,326.59,843997,321934,326.989
NVDA,NVIDIA CORP,4815747,NVDA,20260717,202.64,206.65,197.97,202.81,837195,383869,203.183
NVDA,NVIDIA CORP,4815747,NVDA,20260720,205.87,207.74,202.28,203.28,527509,248330,204.885
MSFT,MICROSOFT CORP,272093,MSFT,20260717,395.22,398.39,389.39,393.82,463098,177262,393.848
MSFT,MICROSOFT CORP,272093,MSFT,20260720,391.41,403.18,389.65,402.29,461173,189271,398.275
AMZN,AMAZON.COM INC,3691937,AMZN,20260717,244.78,250.24,243.59,247.23,213528,111912,247.343
AMZN,AMAZON.COM INC,3691937,AMZN,20260720,248.76,252.89,248.0,249.99,168798,93793,250.327
GOOGL,ALPHABET INC CLASS A,208813719,GOOGL,20260717,346.0,348.52,341.36,346.77,394312,156498,345.742
GOOGL,ALPHABET INC CLASS A,208813719,GOOGL,20260720,351.03,359.68,350.52,351.99,352453,154620,355.005
AVGO,BROADCOM INC,313130367,AVGO,20260717,366.33,377.35,357.8,370.82,317018,124720,369.644
AVGO,BROADCOM INC,313130367,AVGO,20260720,378.52,383.59,375.96,378.16,193359,81265,379.803
GOOG,ALPHABET INC CLASS C,208813720,GOOG,20260717,345.88,348.17,341.12,346.12,304564,119485,345.161
GOOG,ALPHABET INC CLASS C,208813720,GOOG,20260720,350.17,359.49,349.89,351.37,204308,90837,354.779
META,META PLATFORMS INC CLASS A,107113386,META,20260717,647.7,652.2,626.0,646.01,374337,156066,641.955
META,META PLATFORMS INC CLASS A,107113386,META,20260720,646.95,653.3,636.01,645.85,149159,62992,646.275
TSLA,TESLA INC,76792991,TSLA,20260717,382.16,385.69,377.22,380.84,555893,189288,381.512
TSLA,TESLA INC,76792991,TSLA,20260720,386.05,386.61,369.42,369.57,644517,224571,374.19
MU,MICRON TECHNOLOGY INC,9939,MU,20260717,822.53,903.96,804.0,848.95,1088029,419023,862.981
MU,MICRON TECHNOLOGY INC,9939,MU,20260720,885.64,901.0,858.9,865.46,618195,249467,881.036
LLY,ELI LILLY,9160,LLY,20260717,1159.45,1187.95,1151.01,1179.11,34554,16322,1175.283
LLY,ELI LILLY,9160,LLY,20260720,1179.65,1187.12,1144.43,1146.9,32157,14808,1162.915
JPM,JPMORGAN CHASE & CO,1520593,JPM,20260717,339.03,346.13,335.05,341.1,132505,52707,341.733
JPM,JPMORGAN CHASE & CO,1520593,JPM,20260720,341.8,344.26,337.37,338.87,72095,34895,339.914
AMD,ADVANCED MICRO DEVICES INC,4391,AMD,20260717,476.88,505.88,460.21,495.76,172548,96612,488.212
AMD,ADVANCED MICRO DEVICES INC,4391,AMD,20260720,516.7,522.44,502.36,503.57,131015,73502,512.869
XOM,EXXONMOBIL HOLDINGS CORP,895178251,XOM,20260717,149.03,150.0,147.17,147.36,80680,43737,148.359
XOM,EXXONMOBIL HOLDINGS CORP,895178251,XOM,20260720,146.5,149.09,146.23,148.36,56569,33558,148.366
JNJ,JOHNSON & JOHNSON,8719,JNJ,20260717,252.48,255.66,251.95,253.04,51917,28080,253.449
JNJ,JOHNSON & JOHNSON,8719,JNJ,20260720,252.01,254.18,248.63,248.82,36945,19709,250.266
V,VISA INC CLASS A,49462172,V,20260717,363.57,364.63,357.0,358.56,103198,41961,359.525
V,VISA INC CLASS A,49462172,V,20260720,357.1,363.0,356.43,360.57,110370,48599,360.848
WMT,WALMART INC,13824,WMT,20260717,116.98,118.09,113.6,114.24,126929,67470,115.519
WMT,WALMART INC,13824,WMT,20260720,113.96,114.4,112.14,112.2,90854,55539,112.874
ABBV,ABBVIE INC,118089500,ABBV,20260717,257.0,260.96,254.29,254.49,34130,17507,256.901
ABBV,ABBVIE INC,118089500,ABBV,20260720,253.1,256.15,252.68,253.38,18587,11051,253.719
CSCO,CISCO SYSTEMS INC,268084,CSCO,20260717,109.17,113.23,108.91,111.94,127666,70429,111.809
CSCO,CISCO SYSTEMS INC,268084,CSCO,20260720,112.35,113.23,110.65,110.7,83091,51031,111.779
MA,MASTERCARD INC CLASS A,38685693,MA,20260717,550.5,551.72,540.23,543.6,45358,22979,544.438
MA,MASTERCARD INC CLASS A,38685693,MA,20260720,540.0,547.91,538.01,547.44,38292,17846,545.384
AMAT,APPLIED MATERIAL INC,266093,AMAT,20260717,532.01,551.18,513.22,529.66,156549,67560,532.508
AMAT,APPLIED MATERIAL INC,266093,AMAT,20260720,545.63,554.99,522.96,525.7,91601,41517,534.395
COST,COSTCO WHOLESALE CORP,272997,COST,20260717,961.52,964.33,933.76,940.87,25238,12318,946.78
COST,COSTCO WHOLESALE CORP,272997,COST,20260720,938.75,946.98,932.01,935.8,17342,9182,937.363
INTC,INTEL CORPORATION,270639,INTC,20260717,92.14,98.05,89.59,95.04,873248,367925,94.411
INTC,INTEL CORPORATION,270639,INTC,20260720,97.58,100.98,96.92,97.06,582487,250181,98.509
BAC,BANK OF AMERICA CORP,10098,BAC,20260717,61.25,62.12,60.66,61.27,318453,114409,61.348
BAC,BANK OF AMERICA CORP,10098,BAC,20260720,61.35,61.49,60.36,60.42,193561,90955,60.744
CAT,CATERPILLAR INC,5437,CAT,20260717,840.1,891.56,836.7,878.65,46810,19272,869.542
CAT,CATERPILLAR INC,5437,CAT,20260720,890.0,894.37,861.27,864.3,30493,17123,871.395
LRCX,LAM RESEARCH CORP,732440574,LRCX,20260717,303.83,322.07,298.65,313.3,68036,39452,311.3
LRCX,LAM RESEARCH CORP,732440574,LRCX,20260720,322.52,324.45,305.26,306.76,39166,26152,311.322
UNH,UNITEDHEALTH GROUP INC,13272,UNH,20260717,426.72,437.47,425.1,426.09,138753,55416,430.683
UNH,UNITEDHEALTH GROUP INC,13272,UNH,20260720,427.25,431.02,417.38,421.55,64310,30214,422.37
GE,GE AEROSPACE,498843743,GE,20260717,346.99,357.06,343.02,348.83,76163,34761,351.49
GE,GE AEROSPACE,498843743,GE,20260720,353.8,357.1,339.89,341.3,58257,27290,344.315
PG,PROCTER & GAMBLE,11054,PG,20260717,152.86,154.32,149.31,149.98,44696,23908,152.075
PG,PROCTER & GAMBLE,11054,PG,20260720,149.56,150.1,148.43,149.13,24369,14447,149.106
CVX,CHEVRON CORP,5684,CVX,20260717,187.47,188.15,185.5,187.38,35776,18327,187.037
CVX,CHEVRON CORP,5684,CVX,20260720,186.74,190.35,185.93,189.71,35354,18425,189.164
HD,HOME DEPOT INC,7930,HD,20260717,348.93,353.98,338.08,338.87,55946,24922,344.74
HD,HOME DEPOT INC,7930,HD,20260720,339.97,340.2,331.4,333.04,63981,28242,333.731
KO,COCA-COLA,8894,KO,20260717,85.37,85.56,80.83,81.56,193700,105779,82.445
KO,COCA-COLA,8894,KO,20260720,81.55,82.37,81.3,82.12,75761,42707,81.752
MRK,MERCK & CO INC,70101545,MRK,20260717,128.45,131.74,127.03,127.5,77622,34859,129.365
MRK,MERCK & CO INC,70101545,MRK,20260720,127.29,127.89,124.22,124.4,35672,21926,125.514
GS,GOLDMAN SACHS GROUP INC,4627828,GS,20260717,1071.64,1085.93,1047.15,1065.22,27612,13975,1071.955
GS,GOLDMAN SACHS GROUP INC,4627828,GS,20260720,1074.65,1087.9,1053.66,1055.03,19290,11970,1061.523
PM,PHILIP MORRIS INTERNATIONAL INC,49588376,PM,20260717,191.99,194.62,190.6,192.98,25209,13412,192.296
PM,PHILIP MORRIS INTERNATIONAL INC,49588376,PM,20260720,192.99,194.9,191.16,192.72,24987,14134,192.351
PLTR,PALANTIR TECHNOLOGIES INC CLASS A,444857009,PLTR,20260717,131.86,134.77,129.05,132.38,183462,83161,132.09
PLTR,PALANTIR TECHNOLOGIES INC CLASS A,444857009,PLTR,20260720,131.88,136.62,131.82,134.85,186283,86601,134.512
PANW,PALO ALTO NETWORKS INC,110619459,PANW,20260717,345.86,368.8,345.04,358.68,39873,20366,359.328
PANW,PALO ALTO NETWORKS INC,110619459,PANW,20260720,354.74,366.31,348.36,348.66,26065,15607,357.874
NFLX,NETFLIX INC,15124833,NFLX,20260717,65.48,69.49,65.08,68.95,1046936,433421,67.872
NFLX,NETFLIX INC,15124833,NFLX,20260720,68.31,68.38,66.69,67.6,459838,179602,67.573
GEV,GE VERNOVA INC,691984365,GEV,20260717,995.0,1069.11,982.0,1057.84,52482,25788,1042.985
GEV,GE VERNOVA INC,691984365,GEV,20260720,1081.0,1104.0,1050.95,1079.18,33719,17512,1078.57
KLAC,KLA CORP,270957,KLAC,20260717,208.45,216.79,204.58,212.75,807014,230363,211.893
KLAC,KLA CORP,270957,KLAC,20260720,217.45,220.8,206.92,207.6,552380,150316,210.873
WFC,WELLS FARGO,10375,WFC,20260717,87.74,89.79,86.5,87.51,147118,71662,88.128
WFC,WELLS FARGO,10375,WFC,20260720,87.88,88.57,86.06,86.33,110157,58957,86.8
RTX,RTX CORP,415342104,RTX,20260717,195.38,198.44,192.97,193.51,18495,10005,195.406
RTX,RTX CORP,415342104,RTX,20260720,194.63,197.54,194.1,194.44,17603,11602,196.012
TXN,TEXAS INSTRUMENT INC,13096,TXN,20260717,282.89,289.25,279.22,284.02,34499,20873,284.108
TXN,TEXAS INSTRUMENT INC,13096,TXN,20260720,288.31,292.69,283.49,284.07,18194,12015,287.583
MS,MORGAN STANLEY,2841574,MS,20260717,214.4,218.38,207.39,215.5,39379,22404,214.024
MS,MORGAN STANLEY,2841574,MS,20260720,215.52,219.74,210.35,210.94,30019,20135,212.118
LIN,LINDE PLC,617155599,LIN,20260717,522.04,527.46,511.69,513.22,26292,12032,517.903
LIN,LINDE PLC,617155599,LIN,20260720,513.9,516.5,510.93,512.05,20963,10077,513.064
C,CITIGROUP INC,87335484,C,20260717,129.44,131.25,127.08,129.36,89110,45262,129.729
C,CITIGROUP INC,87335484,C,20260720,129.56,131.27,128.44,128.72,56694,34693,129.633
ORCL,ORACLE CORP,272800,ORCL,20260717,121.63,128.44,121.57,126.41,211921,105415,125.904
ORCL,ORACLE CORP,272800,ORCL,20260720,124.27,125.49,120.03,121.38,254279,115309,122.34
CRWD,CROWDSTRIKE HOLDINGS INC CLASS A,370757467,CRWD,20260717,200.5,209.5,199.52,203.08,151691,58247,204.781
CRWD,CROWDSTRIKE HOLDINGS INC CLASS A,370757467,CRWD,20260720,203.08,208.25,197.82,198.49,110685,48190,202.878
IBM,INTERNATIONAL BUSINESS MACHINES CO,8314,IBM,20260717,215.62,217.17,210.22,212.67,76076,40648,212.913
IBM,INTERNATIONAL BUSINESS MACHINES CO,8314,IBM,20260720,210.07,216.28,208.82,213.0,56093,31073,213.02
TMO,THERMO FISHER SCIENTIFIC INC,12869,TMO,20260717,539.1,542.02,531.62,532.48,18743,8358,534.692
TMO,THERMO FISHER SCIENTIFIC INC,12869,TMO,20260720,530.57,532.55,522.56,526.23,21078,10473,527.479
AMGN,AMGEN INC,266145,AMGN,20260717,373.97,378.54,361.72,366.29,34054,15531,368.706
AMGN,AMGEN INC,266145,AMGN,20260720,367.95,370.29,363.65,364.17,24880,12348,365.5
SNDK,SANDISK CORP,760250490,SNDK,20260717,1365.21,1501.2,1325.03,1354.82,290745,129146,1418.337
SNDK,SANDISK CORP,760250490,SNDK,20260720,1409.56,1454.99,1375.61,1390.95,171182,80615,1417.463
MCD,MCDONALDS CORP,9408,MCD,20260717,275.0,276.36,267.19,267.71,51947,21520,270.946
MCD,MCDONALDS CORP,9408,MCD,20260720,269.75,270.0,266.26,267.64,59704,24524,267.848
AXP,AMERICAN EXPRESS,4721,AXP,20260717,356.58,358.8,351.82,355.35,26304,12754,355.345
AXP,AMERICAN EXPRESS,4721,AXP,20260720,355.8,357.4,350.96,351.93,27030,14379,352.932
PEP,PEPSICO INC,11017,PEP,20260717,141.03,141.96,136.18,137.12,41951,24394,138.761
PEP,PEPSICO INC,11017,PEP,20260720,137.56,137.6,133.95,135.46,49821,24547,135.328
NEE,NEXTERA ENERGY INC,75960201,NEE,20260717,90.23,90.72,88.42,88.8,51273,28522,89.43
NEE,NEXTERA ENERGY INC,75960201,NEE,20260720,88.98,89.42,87.7,88.0,36202,23271,88.294
APH,AMPHENOL CORP CLASS A,4493,APH,20260717,149.76,153.51,146.04,151.2,35299,19575,151.152
APH,AMPHENOL CORP CLASS A,4493,APH,20260720,152.0,154.78,150.21,150.51,24795,16935,151.359
ADI,ANALOG DEVICES INC,4157,ADI,20260717,371.77,379.78,366.72,375.36,49858,27980,374.477
ADI,ANALOG DEVICES INC,4157,ADI,20260720,382.44,382.44,372.03,372.46,31875,18028,376.719
VZ,VERIZON COMMUNICATIONS INC,4901,VZ,20260717,44.64,45.02,43.27,43.59,229547,96284,44.074
VZ,VERIZON COMMUNICATIONS INC,4901,VZ,20260720,43.28,43.66,43.14,43.5,138859,60991,43.449
QCOM,QUALCOMM INC,273544,QCOM,20260717,166.64,172.39,164.77,171.78,87299,46480,169.04
QCOM,QUALCOMM INC,273544,QCOM,20260720,175.85,176.25,169.9,170.32,42747,27543,172.076
UNP,UNION PACIFIC CORP,13284,UNP,20260717,300.13,303.15,298.1,301.75,17191,10770,300.84
UNP,UNION PACIFIC CORP,13284,UNP,20260720,300.95,301.99,295.52,296.25,16045,10964,297.986
ANET,ARISTA NETWORKS INC,740948854,ANET,20260717,163.11,171.43,157.13,168.61,42442,23131,166.652
ANET,ARISTA NETWORKS INC,740948854,ANET,20260720,168.94,172.6,168.32,169.35,33468,19792,170.5
ABT,ABBOTT LABORATORIES,4065,ABT,20260717,101.0,102.11,99.47,100.68,126773,71184,100.735
ABT,ABBOTT LABORATORIES,4065,ABT,20260720,100.7,102.46,100.03,101.66,90555,50783,101.574
DIS,WALT DISNEY,6459,DIS,20260717,99.01,99.79,97.05,97.67,63309,30299,98.069
DIS,WALT DISNEY,6459,DIS,20260720,97.85,98.39,96.0,96.41,56171,32852,96.569
WELL,WELLTOWER INC,207739931,WELL,20260717,244.07,246.43,242.23,243.25,12218,6481,244.125
WELL,WELLTOWER INC,207739931,WELL,20260720,243.46,245.36,242.68,244.84,11821,8397,244.229
TJX,TJX INC,12814,TJX,20260717,155.0,158.15,153.87,154.46,24553,13843,155.212
TJX,TJX INC,12814,TJX,20260720,154.53,156.04,153.82,155.7,23551,14827,155.244
GILD,GILEAD SCIENCES INC,269753,GILD,20260717,137.75,140.61,134.09,134.28,34266,19183,136.719
GILD,GILEAD SCIENCES INC,269753,GILD,20260720,134.28,135.5,132.91,133.21,20427,13028,133.568
SCHW,CHARLES SCHWAB CORP,11905,SCHW,20260717,102.32,102.81,100.81,101.56,42699,24826,102.043
SCHW,CHARLES SCHWAB CORP,11905,SCHW,20260720,100.61,103.09,100.3,102.54,69592,42786,102.11
MRVL,MARVELL TECHNOLOGY INC,483492393,MRVL,20260717,182.39,194.05,177.95,188.68,179619,88051,187.119
MRVL,MARVELL TECHNOLOGY INC,483492393,MRVL,20260720,193.0,202.08,191.99,194.94,152825,83978,196.943
BLK,BLACKROCK INC,729193719,BLK,20260717,1068.29,1099.41,1065.95,1072.2,10359,4553,1075.458
BLK,BLACKROCK INC,729193719,BLK,20260720,1070.74,1073.18,1052.16,1054.11,8257,3994,1060.133
BA,BOEING,4762,BA,20260717,211.5,216.96,211.0,214.03,19368,10187,214.182
BA,BOEING,4762,BA,20260720,216.18,216.73,208.7,209.48,34020,19183,210.266
WDC,WESTERN DIGITAL CORP,13681,WDC,20260717,452.53,492.93,430.52,477.22,203836,90761,467.811
WDC,WESTERN DIGITAL CORP,13681,WDC,20260720,491.36,505.99,485.28,487.42,82505,39972,497.082
ETN,EATON PLC,118017869,ETN,20260717,385.46,404.71,382.0,399.99,38990,15844,397.85
ETN,EATON PLC,118017869,ETN,20260720,408.21,413.46,399.27,401.41,22136,11587,402.795
T,AT&T INC,37018770,T,20260717,22.38,22.77,21.67,21.81,665497,104097,22.087
T,AT&T INC,37018770,T,20260720,21.6,22.04,21.54,21.95,781380,92513,21.877
DE,DEERE,6393,DE,20260717,596.05,614.92,595.74,597.24,11373,5269,600.562
DE,DEERE,6393,DE,20260720,597.48,599.76,582.5,586.0,15648,6931,588.266
PFE,PFIZER INC,11031,PFE,20260717,25.35,25.65,24.97,25.05,244411,53606,25.237
PFE,PFIZER INC,11031,PFE,20260720,25.09,25.16,24.72,24.75,249939,52260,24.87
UBER,UBER TECHNOLOGIES INC,365207014,UBER,20260717,73.26,73.46,71.72,72.46,102735,52644,72.501
UBER,UBER TECHNOLOGIES INC,365207014,UBER,20260720,72.5,73.41,71.59,72.17,92133,49017,72.502
BKNG,BOOKING HOLDINGS INC,308728373,BKNG,20260717,183.23,184.36,178.76,181.68,379530,152482,181.317
BKNG,BOOKING HOLDINGS INC,308728373,BKNG,20260720,182.32,182.32,177.36,179.45,258161,106148,179.327
COP,CONOCOPHILLIPS,10885,COP,20260717,115.67,116.26,113.44,114.71,29735,17188,114.531
COP,CONOCOPHILLIPS,10885,COP,20260720,113.78,116.68,113.25,115.68,34189,17887,115.829
PLD,PROLOGIS REIT INC,88819288,PLD,20260717,150.05,153.35,148.0,149.79,29415,16809,149.786
PLD,PROLOGIS REIT INC,88819288,PLD,20260720,149.0,149.61,146.47,147.48,15288,9816,147.395
CVS,CVS HEALTH CORP,2585769,CVS,20260717,107.36,108.97,106.61,107.47,34544,18712,107.626
CVS,CVS HEALTH CORP,2585769,CVS,20260720,107.31,108.9,107.13,107.61,30803,18365,107.565
CRM,SALESFORCE INC,29624264,CRM,20260717,171.5,175.43,169.75,170.77,54873,31329,171.466
CRM,SALESFORCE INC,29624264,CRM,20260720,167.86,175.39,166.49,173.79,70381,40131,172.273
SPGI,S&P GLOBAL INC,229629397,SPGI,20260717,456.25,462.02,448.48,450.84,25518,12246,452.617
SPGI,S&P GLOBAL INC,229629397,SPGI,20260720,452.94,453.07,442.81,448.35,15205,7789,448.993
COF,CAPITAL ONE FINANCIAL CORP,5941,COF,20260717,207.5,210.47,205.86,208.03,20737,14025,208.268
COF,CAPITAL ONE FINANCIAL CORP,5941,COF,20260720,208.0,209.65,206.23,206.77,21311,10525,207.642
DHR,DANAHER CORP,6442,DHR,20260717,203.45,206.59,202.14,203.83,27718,18318,203.703
DHR,DANAHER CORP,6442,DHR,20260720,202.0,204.33,200.0,201.11,34510,21911,202.375
MO,ALTRIA GROUP INC,9769,MO,20260717,74.08,75.28,73.6,74.21,47424,23166,74.352
MO,ALTRIA GROUP INC,9769,MO,20260720,74.05,74.84,73.84,74.66,35394,20392,74.337
BMY,BRISTOL MYERS SQUIBB,5111,BMY,20260717,60.87,62.29,60.46,60.74,78901,37397,61.297
BMY,BRISTOL MYERS SQUIBB,5111,BMY,20260720,60.76,61.35,60.02,60.16,57211,31560,60.591
CB,CHUBB,218939694,CB,20260717,348.6,354.61,347.45,352.16,31360,15684,351.751
CB,CHUBB,218939694,CB,20260720,352.27,354.66,350.57,352.53,17549,9829,352.802
VRTX,VERTEX PHARMACEUTICALS INC,275850,VRTX,20260717,483.51,496.69,482.08,485.65,13292,5958,486.69
VRTX,VERTEX PHARMACEUTICALS INC,275850,VRTX,20260720,485.65,491.23,478.48,480.5,15392,7314,484.524
GLW,CORNING INC,7655,GLW,20260717,150.83,158.38,146.93,154.61,93293,48301,153.454
GLW,CORNING INC,7655,GLW,20260720,157.19,160.54,152.59,153.1,45526,25157,155.736
ISRG,INTUITIVE SURGICAL INC,9063285,ISRG,20260717,365.91,367.74,344.55,345.42,192462,87240,354.01
ISRG,INTUITIVE SURGICAL INC,9063285,ISRG,20260720,349.38,355.08,342.1,353.17,95794,49496,350.523
PGR,PROGRESSIVE CORP,11080,PGR,20260717,208.99,211.99,206.94,207.95,19147,12352,208.642
PGR,PROGRESSIVE CORP,11080,PGR,20260720,207.0,212.26,205.55,212.23,10586,7324,209.661
SBUX,STARBUCKS CORP,274105,SBUX,20260717,108.95,109.23,105.08,105.49,40432,20817,106.533
SBUX,STARBUCKS CORP,274105,SBUX,20260720,105.72,106.65,103.22,104.81,30526,16769,104.723
PH,PARKER-HANNIFIN CORP,11094,PH,20260717,945.92,972.26,934.38,953.21,5636,2712,957.977
PH,PARKER-HANNIFIN CORP,11094,PH,20260720,956.01,964.0,942.23,950.79,4330,2541,948.832
DELL,DELL TECHNOLOGIES INC CLASS C,346218218,DELL,20260717,376.85,407.15,368.14,396.34,37569,23538,392.148
DELL,DELL TECHNOLOGIES INC CLASS C,346218218,DELL,20260720,400.29,403.2,381.05,381.88,27012,17356,388.661
LOW,LOWES COMPANIES INC,9199,LOW,20260717,217.95,220.49,208.42,208.73,16760,9400,212.788
LOW,LOWES COMPANIES INC,9199,LOW,20260720,209.56,209.99,203.62,204.71,15687,9372,204.663
VRT,VERTIV HOLDINGS CLASS A,402783527,VRT,20260717,279.21,297.33,272.93,289.56,99148,46007,286.558
VRT,VERTIV HOLDINGS CLASS A,402783527,VRT,20260720,295.0,301.67,290.96,291.67,61383,29446,294.908
SYK,STRYKER CORP,4430948,SYK,20260717,328.9,329.27,318.08,319.87,37353,17733,322.379
SYK,STRYKER CORP,4430948,SYK,20260720,319.23,322.16,317.19,319.14,22300,11403,319.985
HWM,HOWMET AEROSPACE INC,403121976,HWM,20260717,269.35,277.79,265.75,272.43,9114,5536,273.321
HWM,HOWMET AEROSPACE INC,403121976,HWM,20260720,274.6,277.49,270.33,271.98,5455,3621,272.423
BNY,BANK OF NEW YORK MELLON CORP,44986804,BNY,20260717,158.11,159.17,156.02,157.13,22660,13191,157.598
BNY,BANK OF NEW YORK MELLON CORP,44986804,BNY,20260720,158.23,159.05,156.7,156.93,15751,10141,157.449
SO,SOUTHERN,12300,SO,20260717,97.3,98.34,95.14,95.3,22397,11268,96.411
SO,SOUTHERN,12300,SO,20260720,95.77,96.37,94.45,94.46,24352,14095,94.952
MDT,MEDTRONIC PLC,181387075,MDT,20260717,83.52,84.69,82.71,83.2,44397,26418,83.402
MDT,MEDTRONIC PLC,181387075,MDT,20260720,82.98,84.03,82.8,83.29,40451,22248,83.619
NOW,SERVICENOW INC,109911821,NOW,20260717,102.88,105.83,102.64,103.24,88470,45671,103.777
NOW,SERVICENOW INC,109911821,NOW,20260720,100.64,105.33,98.43,104.7,137800,62613,102.524
TT,TRANE TECHNOLOGIES PLC,406709270,TT,20260717,465.76,474.33,459.75,469.98,21643,9930,468.965
TT,TRANE TECHNOLOGIES PLC,406709270,TT,20260720,474.7,478.64,461.5,468.16,16301,7874,467.093
LMT,LOCKHEED MARTIN CORP,611191,LMT,20260717,519.0,527.33,507.68,508.77,14650,6947,515.244
LMT,LOCKHEED MARTIN CORP,611191,LMT,20260720,510.63,515.84,507.74,509.54,13535,7125,511.087
MCK,MCKESSON CORP,9657,MCK,20260717,852.81,861.0,839.91,841.39,15658,9143,847.788
MCK,MCKESSON CORP,9657,MCK,20260720,835.74,839.3,825.16,831.46,8772,5155,833.28
ADP,AUTOMATIC DATA PROCESSING INC,4661,ADP,20260717,257.98,261.31,251.45,255.26,9888,6299,255.507
ADP,AUTOMATIC DATA PROCESSING INC,4661,ADP,20260720,254.47,256.01,251.01,255.24,16319,9891,254.37
APP,APPLOVIN CORP CLASS A,481863646,APP,20260717,421.43,431.39,413.63,424.54,116377,31781,422.664
APP,APPLOVIN CORP CLASS A,481863646,APP,20260720,430.12,437.93,422.54,424.6,106939,27741,428.911
PNC,PNC FINANCIAL SERVICES GROUP INC,11240,PNC,20260717,252.15,254.49,248.04,250.86,9538,5727,251.343
PNC,PNC FINANCIAL SERVICES GROUP INC,11240,PNC,20260720,251.8,252.71,248.88,250.14,7811,5248,249.968
EQIX,EQUINIX REIT INC,181764593,EQIX,20260717,1005.66,1024.01,993.92,1020.0,5701,3007,1014.823
EQIX,EQUINIX REIT INC,181764593,EQIX,20260720,1022.95,1035.78,1013.15,1017.31,5436,3032,1019.986
USB,US BANCORP,11669769,USB,20260717,64.11,64.84,63.11,63.14,84714,46007,63.839
USB,US BANCORP,11669769,USB,20260720,63.72,63.97,62.97,63.14,69991,37406,63.273
FTNT,FORTINET INC,70236214,FTNT,20260717,161.15,163.83,158.93,161.61,20413,13655,161.797
FTNT,FORTINET INC,70236214,FTNT,20260720,160.64,164.57,160.0,160.36,14123,9119,162.255
DUK,DUKE ENERGY CORP,110176011,DUK,20260717,127.96,129.26,124.66,125.01,26638,13195,126.044
DUK,DUKE ENERGY CORP,110176011,DUK,20260720,125.91,127.52,125.01,125.85,19976,12250,125.884
ADBE,ADOBE INC,265768,ADBE,20260717,235.9,240.15,232.36,237.25,114505,54442,236.493
ADBE,ADOBE INC,265768,ADBE,20260720,235.66,236.66,227.5,234.74,82881,36642,232.604
NEM,NEWMONT,10174,NEM,20260717,89.85,90.95,88.75,89.7,64557,36075,90.131
NEM,NEWMONT,10174,NEM,20260720,90.1,90.95,89.13,89.2,43280,25674,89.87
BX,BLACKSTONE INC,372834689,BX,20260717,126.72,131.0,126.12,126.91,24901,13489,127.752
BX,BLACKSTONE INC,372834689,BX,20260720,127.0,127.15,122.89,123.61,25258,15901,123.931
GD,GENERAL DYNAMICS CORP,7496,GD,20260717,370.58,376.59,366.52,368.58,11407,5486,369.915
GD,GENERAL DYNAMICS CORP,7496,GD,20260720,369.98,373.92,369.48,370.6,7769,4148,371.289
CSX,CSX CORP,6150,CSX,20260717,51.0,51.29,50.3,50.75,79710,41040,50.737
CSX,CSX CORP,6150,CSX,20260720,50.99,50.99,49.83,50.11,76237,38617,50.21
PWR,QUANTA SERVICES INC,6608432,PWR,20260717,616.89,637.99,608.78,628.53,18811,8415,628.017
PWR,QUANTA SERVICES INC,6608432,PWR,20260720,634.19,644.96,630.1,632.56,10968,6115,635.348
TMUS,T MOBILE US INC,125980227,TMUS,20260717,197.11,198.86,189.82,192.43,22519,14792,194.114
TMUS,T MOBILE US INC,125980227,TMUS,20260720,190.89,196.09,189.0,195.64,19620,13115,193.92
MPC,MARATHON PETROLEUM CORP,89495776,MPC,20260717,311.73,313.15,306.81,312.6,11440,7723,310.45
MPC,MARATHON PETROLEUM CORP,89495776,MPC,20260720,312.95,319.36,312.95,315.31,7757,4742,316.805
VLO,VALERO ENERGY CORP,13497,VLO,20260717,306.28,309.9,302.52,309.65,13433,8603,305.819
VLO,VALERO ENERGY CORP,13497,VLO,20260720,308.99,316.57,306.5,313.31,11862,8086,313.183
CDNS,CADENCE DESIGN SYSTEMS INC,5552,CDNS,20260717,334.56,342.29,320.07,330.11,89953,37641,329.309
CDNS,CADENCE DESIGN SYSTEMS INC,5552,CDNS,20260720,335.54,339.11,328.75,329.93,29515,14974,331.846
SNOW,SNOWFLAKE INC,444884769,SNOW,20260717,262.61,274.25,259.48,268.9,23261,15648,267.845
SNOW,SNOWFLAKE INC,444884769,SNOW,20260720,267.12,277.22,267.12,274.34,21768,15274,274.435
CMI,CUMMINS INC,6207,CMI,20260717,630.0,654.99,622.35,648.48,14267,7634,644.824
CMI,CUMMINS INC,6207,CMI,20260720,652.0,657.55,638.3,639.43,8957,4943,645.698
WMB,WILLIAMS INC,13805,WMB,20260717,75.67,75.72,72.76,73.38,54473,28998,73.686
WMB,WILLIAMS INC,13805,WMB,20260720,73.33,75.43,73.33,74.16,31177,15306,74.465
WM,WASTE MANAGEMENT INC,13379,WM,20260717,244.75,247.15,236.93,239.31,12161,6906,240.885
WM,WASTE MANAGEMENT INC,13379,WM,20260720,237.35,240.86,237.0,239.05,5823,3611,239.167
CME,CME GROUP INC CLASS A,45127739,CME,20260717,246.27,248.3,243.16,245.05,37359,16883,244.953
CME,CME GROUP INC CLASS A,45127739,CME,20260720,243.5,246.7,241.22,245.11,51032,24232,245.023
NET,CLOUDFLARE INC CLASS A,382633646,NET,20260717,262.68,281.99,261.72,277.66,14262,8362,276.066
NET,CLOUDFLARE INC CLASS A,382633646,NET,20260720,278.84,280.57,272.12,272.42,17737,11474,276.839
ACN,ACCENTURE PLC CLASS A,67889930,ACN,20260717,145.0,147.42,139.72,143.57,46103,26992,143.083
ACN,ACCENTURE PLC CLASS A,67889930,ACN,20260720,142.84,145.59,140.0,144.73,33987,21728,143.548
UPS,UNITED PARCEL SERVICE INC CLASS B,6231002,UPS,20260717,116.9,118.42,116.31,117.72,35315,19408,117.619
UPS,UNITED PARCEL SERVICE INC CLASS B,6231002,UPS,20260720,117.9,118.08,112.66,113.15,36567,21690,113.872
MRSH,MARSH INC,9705,MRSH,20260717,183.39,186.0,181.15,182.18,8235,5204,182.642
MRSH,MARSH INC,9705,MRSH,20260720,180.5,182.32,179.36,182.1,21252,10217,180.828
JCI,JOHNSON CONTROLS INTERNATIONAL PLC,244164913,JCI,20260717,138.6,142.53,137.13,140.46,12046,7065,140.523
JCI,JOHNSON CONTROLS INTERNATIONAL PLC,244164913,JCI,20260720,142.83,143.08,138.74,139.37,11544,7642,140.001
DDOG,DATADOG INC CLASS A,383858515,DDOG,20260717,256.91,264.48,248.61,258.69,17785,11777,257.888
DDOG,DATADOG INC CLASS A,383858515,DDOG,20260720,258.87,268.83,257.63,263.2,14209,9528,265.511
CMCSA,COMCAST CORP CLASS A,267748,CMCSA,20260717,24.34,24.68,23.66,23.79,278621,74836,24.012
CMCSA,COMCAST CORP CLASS A,267748,CMCSA,20260720,23.88,23.99,23.37,23.78,284317,74117,23.814
FCX,FREEPORT MCMORAN INC,7089,FCX,20260717,56.7,59.36,56.0,58.38,110988,52873,58.027
FCX,FREEPORT MCMORAN INC,7089,FCX,20260720,59.02,59.34,58.52,58.79,58634,34087,58.864
MMM,3M,9720,MMM,20260717,163.67,164.23,159.73,159.84,12283,8015,161.661
MMM,3M,9720,MMM,20260720,160.42,161.68,159.01,159.11,19565,12269,160.47
PSX,PHILLIPS 66,105669270,PSX,20260717,205.62,207.14,203.45,206.86,11082,7121,205.478
PSX,PHILLIPS 66,105669270,PSX,20260720,206.07,211.05,206.07,208.8,9032,6378,209.226
ELV,ELEVANCE HEALTH INC,173962302,ELV,20260717,371.7,377.76,365.37,373.11,29122,13429,369.653
ELV,ELEVANCE HEALTH INC,173962302,ELV,20260720,376.42,388.6,374.45,382.23,22930,11170,382.76
CEG,CONSTELLATION ENERGY CORP,538132976,CEG,20260717,247.37,254.29,244.95,252.39,33808,15111,250.745
CEG,CONSTELLATION ENERGY CORP,538132976,CEG,20260720,255.59,256.52,251.33,253.5,34089,15469,253.898
MAR,MARRIOTT INTERNATIONAL INC CLASS A,9358,MAR,20260717,371.14,372.98,363.51,366.24,24392,13110,366.814
MAR,MARRIOTT INTERNATIONAL INC CLASS A,9358,MAR,20260720,370.07,371.33,364.63,366.93,12834,7678,366.983
ITW,ILLINOIS TOOL INC,8620,ITW,20260717,279.15,285.07,275.32,276.05,23765,10562,278.783
ITW,ILLINOIS TOOL INC,8620,ITW,20260720,277.02,277.29,270.6,271.69,15677,8736,272.11
AMT,AMERICAN TOWER REIT CORP,99831145,AMT,20260717,171.94,172.68,168.9,170.06,13873,7347,170.336
AMT,AMERICAN TOWER REIT CORP,99831145,AMT,20260720,168.23,169.77,166.36,167.06,14236,8745,167.682
INTU,INTUIT INC,270662,INTU,20260717,295.4,302.07,290.01,291.09,54067,24829,293.784
INTU,INTUIT INC,270662,INTU,20260720,286.01,295.41,279.44,293.82,58621,26074,289.777
ICE,INTERCONTINENTAL EXCHANGE INC,136370275,ICE,20260717,142.5,144.55,139.08,139.65,16084,8865,140.864
ICE,INTERCONTINENTAL EXCHANGE INC,136370275,ICE,20260720,138.38,142.15,137.76,141.57,16987,9608,140.91
EMR,EMERSON ELECTRIC,6842,EMR,20260717,138.3,142.37,137.52,139.54,17158,9836,140.21
EMR,EMERSON ELECTRIC,6842,EMR,20260720,139.46,140.0,135.25,136.58,9417,6581,136.833
MDLZ,MONDELEZ INTERNATIONAL INC CLASS A,113599091,MDLZ,20260717,62.24,63.04,60.64,61.0,42413,25023,61.655
MDLZ,MONDELEZ INTERNATIONAL INC CLASS A,113599091,MDLZ,20260720,60.71,60.9,59.69,60.27,46801,29305,60.079
TRV,TRAVELERS COMPANIES INC,43150617,TRV,20260717,342.66,370.43,341.52,368.98,61282,27276,363.734
TRV,TRAVELERS COMPANIES INC,43150617,TRV,20260720,367.6,371.94,362.5,368.5,32904,17137,368.031
HOOD,ROBINHOOD MARKETS INC CLASS A,504546674,HOOD,20260717,100.51,104.11,96.59,99.96,186771,92535,100.784
HOOD,ROBINHOOD MARKETS INC CLASS A,504546674,HOOD,20260720,102.49,102.6,98.61,99.28,118189,54341,100.406
SHW,SHERWIN WILLIAMS,12120,SHW,20260717,336.41,343.69,330.37,331.32,20388,10139,334.786
SHW,SHERWIN WILLIAMS,12120,SHW,20260720,331.67,333.34,323.22,323.6,19122,10425,326.088
MCO,MOODYS CORP,6497,MCO,20260717,517.96,523.31,507.32,510.86,11681,6717,511.637
MCO,MOODYS CORP,6497,MCO,20260720,508.24,510.01,502.09,505.37,9274,5617,505.991
NSC,NORFOLK SOUTHERN CORP,10497,NSC,20260717,339.41,342.53,337.72,340.16,16509,8993,340.242
NSC,NORFOLK SOUTHERN CORP,10497,NSC,20260720,340.77,341.99,334.18,334.97,12805,7806,337.084
AON,AON PLC CLASS A,414366114,AON,20260717,370.0,375.92,365.63,367.21,21144,8845,368.37
AON,AON PLC CLASS A,414366114,AON,20260720,364.87,366.0,361.11,362.78,14269,8314,363.509
SPOT,SPOTIFY TECHNOLOGY SA,312496724,SPOT,20260717,461.16,479.43,456.0,478.14,24434,12747,472.563
SPOT,SPOTIFY TECHNOLOGY SA,312496724,SPOT,20260720,484.65,496.19,480.47,492.32,22830,12013,489.803
EOG,EOG RESOURCES INC,6890,EOG,20260717,139.27,141.11,138.7,139.89,18283,10234,139.746
EOG,EOG RESOURCES INC,6890,EOG,20260720,138.84,141.75,138.49,141.09,14498,9400,140.762
CL,COLGATE-PALMOLIVE,5749,CL,20260717,94.15,95.4,92.06,92.45,17090,9419,93.41
CL,COLGATE-PALMOLIVE,5749,CL,20260720,92.09,92.23,91.2,91.93,20759,13762,91.643
ROST,ROSS STORES INC,273939,ROST,20260717,231.92,237.06,231.76,233.46,8035,5362,233.534
ROST,ROSS STORES INC,273939,ROST,20260720,235.5,236.08,233.12,235.78,8993,6678,235.242
CI,CIGNA,346403540,CI,20260717,286.57,289.66,279.75,281.45,39865,17114,284.471
CI,CIGNA,346403540,CI,20260720,281.23,285.75,281.14,283.94,23648,12126,284.169
SPG,SIMON PROPERTY GROUP REIT INC,2009113,SPG,20260717,229.05,231.53,226.87,228.7,5791,3674,228.728
SPG,SIMON PROPERTY GROUP REIT INC,2009113,SPG,20260720,229.15,230.88,227.25,228.19,4876,3185,228.568
RCL,ROYAL CARIBBEAN GROUP LTD,11520,RCL,20260717,286.41,292.74,285.13,286.96,34268,14659,288.025
RCL,ROYAL CARIBBEAN GROUP LTD,11520,RCL,20260720,289.09,291.77,281.35,286.16,32825,15666,285.594
AEP,AMERICAN ELECTRIC POWER INC,4211,AEP,20260717,135.46,135.67,131.78,132.14,21117,13320,133.519
AEP,AMERICAN ELECTRIC POWER INC,4211,AEP,20260720,132.74,133.6,130.56,131.05,13402,9115,131.429
HLT,HILTON WORLDWIDE HOLDINGS INC,257944570,HLT,20260717,322.47,323.75,318.97,321.32,27740,14068,321.48
HLT,HILTON WORLDWIDE HOLDINGS INC,257944570,HLT,20260720,323.54,325.29,321.38,323.43,25241,13956,322.985
SNPS,SYNOPSYS INC,274499,SNPS,20260717,401.0,402.72,366.0,384.27,87001,38798,379.198
SNPS,SYNOPSYS INC,274499,SNPS,20260720,382.83,385.18,373.86,378.46,38820,16999,379.366
HON,HONEYWELL INTERNATIONAL INC,892744244,HON,20260717,226.57,230.47,224.53,225.02,13999,8403,226.744
HON,HONEYWELL INTERNATIONAL INC,892744244,HON,20260720,225.95,227.77,223.58,226.18,16371,9742,226.065
ORLY,OREILLY AUTOMOTIVE INC,82457808,ORLY,20260717,87.31,88.09,85.28,86.05,32736,20220,86.41
ORLY,OREILLY AUTOMOTIVE INC,82457808,ORLY,20260720,86.24,86.24,84.44,84.53,28250,18804,84.868
SLB,SLB NV,12200,SLB,20260717,47.0,47.29,46.42,46.99,75190,37908,46.908
SLB,SLB NV,12200,SLB,20260720,47.0,47.23,46.3,46.39,66961,39294,46.729
CTAS,CINTAS CORP,268149,CTAS,20260717,207.17,209.72,201.56,204.45,15119,10184,204.632
CTAS,CINTAS CORP,268149,CTAS,20260720,204.19,204.38,200.16,201.8,9545,6754,201.669
NOC,NORTHROP GRUMMAN CORP,10376,NOC,20260717,525.07,538.96,520.66,521.57,13417,6925,528.458
NOC,NORTHROP GRUMMAN CORP,10376,NOC,20260720,523.48,533.07,522.74,523.96,14241,8015,528.73
KKR,KKR AND CO INC,321328198,KKR,20260717,101.25,104.17,100.4,100.94,18835,11090,101.402
KKR,KKR AND CO INC,321328198,KKR,20260720,101.13,101.48,96.42,96.97,17079,10109,97.582
DASH,DOORDASH INC CLASS A,459309417,DASH,20260717,186.15,189.75,181.68,184.14,13390,8720,184.568
DASH,DOORDASH INC CLASS A,459309417,DASH,20260720,185.15,191.55,183.97,189.02,14050,9802,188.799
CRH,CRH PUBLIC LIMITED PLC,655276609,CRH,20260717,103.56,105.71,102.63,102.92,15784,9582,103.558
CRH,CRH PUBLIC LIMITED PLC,655276609,CRH,20260720,103.91,104.42,99.56,99.95,18882,11305,100.515
MNST,MONSTER BEVERAGE CORP,196986496,MNST,20260717,100.02,100.34,96.57,97.5,55946,26096,98.18
MNST,MONSTER BEVERAGE CORP,196986496,MNST,20260720,97.8,97.97,95.36,95.45,20807,13351,96.158
GM,GENERAL MOTORS,80986742,GM,20260717,77.14,77.94,75.99,76.07,27901,16480,76.799
GM,GENERAL MOTORS,80986742,GM,20260720,76.99,77.19,75.36,75.8,51046,28387,75.888
MSI,MOTOROLA SOLUTIONS INC,81581011,MSI,20260717,412.2,420.65,411.32,413.31,14364,6098,416.134
MSI,MOTOROLA SOLUTIONS INC,81581011,MSI,20260720,418.27,422.22,409.58,410.43,8601,4104,412.067
FDX,FEDEX CORP,5100583,FDX,20260717,316.15,318.66,312.13,312.98,24217,10458,315.064
FDX,FEDEX CORP,5100583,FDX,20260720,314.0,314.0,305.7,306.22,30197,13689,307.41
REGN,REGENERON PHARMACEUTICALS INC,273733,REGN,20260717,676.05,691.13,672.31,676.69,7736,4318,678.85
REGN,REGENERON PHARMACEUTICALS INC,273733,REGN,20260720,674.72,681.74,669.88,672.15,6003,3581,675.248
TDG,TRANSDIGM GROUP INC,38285434,TDG,20260717,1225.69,1253.6,1209.37,1214.43,19665,8157,1222.659
TDG,TRANSDIGM GROUP INC,38285434,TDG,20260720,1221.62,1227.07,1203.54,1204.73,18600,7553,1211.667
ECL,ECOLAB INC,6682,ECL,20260717,277.65,281.2,272.09,272.83,15713,6489,275.5
ECL,ECOLAB INC,6682,ECL,20260720,272.68,273.94,266.13,268.65,13116,7176,269.033
HONA,HONEYWELL AEROSPACE INC,891050670,HONA,20260717,208.29,217.83,205.01,211.63,12468,6999,212.585
HONA,HONEYWELL AEROSPACE INC,891050670,HONA,20260720,207.28,210.0,198.88,202.47,18703,9723,202.7
SPCX,SPACE EXPLORATION TECHNOLOGIES COR,890493863,SPCX,20260717,127.63,130.33,122.12,123.99,543005,263121,125.148
SPCX,SPACE EXPLORATION TECHNOLOGIES COR,890493863,SPCX,20260720,125.22,125.7,119.68,119.85,377056,172820,122.066
TFC,TRUIST FINANCIAL CORP,393460310,TFC,20260717,52.9,54.22,52.43,52.5,88433,47518,53.119
TFC,TRUIST FINANCIAL CORP,393460310,TFC,20260720,52.5,52.64,50.69,51.0,65596,41020,51.224
BSX,BOSTON SCIENTIFIC CORP,5270,BSX,20260717,45.22,45.25,43.76,44.03,95593,45554,44.081
BSX,BOSTON SCIENTIFIC CORP,5270,BSX,20260720,43.79,44.35,43.46,43.77,84044,40697,44.024
URI,UNITED RENTALS INC,3629755,URI,20260717,1060.65,1076.64,1041.71,1045.21,4770,2817,1054.912
URI,UNITED RENTALS INC,3629755,URI,20260720,1057.67,1057.67,1010.63,1012.71,4901,2800,1021.301
PCAR,PACCAR INC,272992,PCAR,20260717,126.46,128.26,124.85,126.2,19895,8741,126.672
PCAR,PACCAR INC,272992,PCAR,20260720,126.79,127.14,124.29,124.33,9186,6640,124.955
AJG,ARTHUR J GALLAGHER,4325,AJG,20260717,257.61,261.92,252.3,253.9,7482,4878,255.162
AJG,ARTHUR J GALLAGHER,4325,AJG,20260720,250.93,254.76,249.78,253.66,3488,2609,253.306
APD,AIR PRODUCTS AND CHEMICALS INC,4487,APD,20260717,297.8,304.51,294.92,295.62,10715,5594,297.74
APD,AIR PRODUCTS AND CHEMICALS INC,4487,APD,20260720,295.1,298.86,292.22,296.63,13635,6482,296.617
WBD,WARNER BROS. DISCOVERY INC SERIES,554208351,WBD,20260717,27.38,27.46,26.77,26.87,221727,58599,27.074
WBD,WARNER BROS. DISCOVERY INC SERIES,554208351,WBD,20260720,26.9,26.9,25.71,25.86,378253,113104,26.19
ALL,ALLSTATE CORP,4357,ALL,20260717,245.54,250.58,244.0,249.9,8383,5988,248.705
ALL,ALLSTATE CORP,4357,ALL,20260720,248.87,254.32,247.29,253.73,4819,3229,252.677
TGT,TARGET CORP,6437,TGT,20260717,140.75,144.4,138.33,139.6,26881,16263,140.688
TGT,TARGET CORP,6437,TGT,20260720,141.31,143.21,138.8,139.59,18262,11485,140.229
DLR,DIGITAL REALTY TRUST REIT INC,31832526,DLR,20260717,172.96,175.83,171.14,173.88,14465,9412,173.902
DLR,DIGITAL REALTY TRUST REIT INC,31832526,DLR,20260720,173.89,176.93,173.07,176.25,10826,7896,175.824
KMI,KINDER MORGAN INC,83975037,KMI,20260717,32.92,32.97,32.13,32.3,50536,23906,32.463
KMI,KINDER MORGAN INC,83975037,KMI,20260720,32.5,33.07,32.24,32.58,45311,25567,32.732
D,DOMINION ENERGY INC,6327,D,20260717,72.48,72.99,70.93,71.04,27202,15302,72.013
D,DOMINION ENERGY INC,6327,D,20260720,71.09,71.61,70.16,70.36,14814,10359,70.599
MPWR,MONOLITHIC POWER SYSTEMS INC,32106121,MPWR,20260717,1250.25,1342.81,1231.0,1312.0,55509,28318,1298.479
MPWR,MONOLITHIC POWER SYSTEMS INC,32106121,MPWR,20260720,1332.96,1371.16,1323.75,1328.8,45250,17308,1348.193
O,REALTY INCOME REIT CORP,10672,O,20260717,66.33,67.16,65.19,65.71,40976,20667,65.998
O,REALTY INCOME REIT CORP,10672,O,20260720,65.68,65.94,64.96,65.18,19190,11554,65.28
HPE,HEWLETT PACKARD ENTERPRISE,209411798,HPE,20260717,44.4,46.83,43.7,45.82,82604,48442,45.646
HPE,HEWLETT PACKARD ENTERPRISE,209411798,HPE,20260720,46.12,46.23,44.47,44.56,76116,39787,45.317
GWW,WW GRAINGER INC,7867,GWW,20260717,1391.48,1419.91,1386.86,1395.01,20268,8226,1395.702
GWW,WW GRAINGER INC,7867,GWW,20260720,1401.19,1401.19,1364.58,1371.22,11337,4834,1376.472
ABNB,AIRBNB INC CLASS A,459530964,ABNB,20260717,146.79,147.84,145.11,145.98,19560,12088,146.22
ABNB,AIRBNB INC CLASS A,459530964,ABNB,20260720,146.8,146.8,144.33,144.94,14379,10166,145.427
SRE,SEMPRA,11020,SRE,20260717,94.55,95.12,92.19,92.25,11018,6738,93.186
SRE,SEMPRA,11020,SRE,20260720,92.51,93.34,90.66,90.69,10516,7502,91.27
TRGP,TARGA RESOURCES CORP,81671838,TRGP,20260717,283.57,285.56,280.76,282.91,4861,3049,283.237
TRGP,TARGA RESOURCES CORP,81671838,TRGP,20260720,285.1,286.25,282.23,282.35,4364,2872,283.616
OKE,ONEOK INC,10794,OKE,20260717,93.51,94.0,92.72,93.52,17145,9471,93.398
OKE,ONEOK INC,10794,OKE,20260720,93.57,94.94,93.31,93.56,13432,9126,94.009
CTVA,CORTEVA INC,366239371,CTVA,20260717,86.58,88.22,86.53,87.3,21800,12632,87.332
CTVA,CORTEVA INC,366239371,CTVA,20260720,86.78,87.59,86.1,86.78,19345,10494,87.039
FIX,COMFORT SYSTEMS USA INC,6607708,FIX,20260717,1576.07,1685.3,1556.35,1674.06,52961,22674,1636.046
FIX,COMFORT SYSTEMS USA INC,6607708,FIX,20260720,1700.01,1734.38,1685.0,1712.18,29300,12656,1713.803
BE,BLOOM ENERGY CLASS A CORP,326398514,BE,20260717,200.98,223.75,194.6,214.96,97648,56468,212.771
BE,BLOOM ENERGY CLASS A CORP,326398514,BE,20260720,213.88,220.0,195.09,197.06,100763,59528,202.569
COR,CENCORA INC,1714996,COR,20260717,309.33,313.9,306.41,307.9,26594,11067,309.377
COR,CENCORA INC,1714996,COR,20260720,305.28,307.28,303.49,303.99,16709,7428,305.298
AFL,AFLAC INC,4227,AFL,20260717,124.02,125.93,123.95,124.72,9885,6009,124.764
AFL,AFLAC INC,4227,AFL,20260720,124.73,125.05,123.9,124.08,5429,4041,124.328
F,FORD MOTOR CO,9599491,F,20260717,14.04,14.5,13.85,14.23,369999,49684,14.325
F,FORD MOTOR CO,9599491,F,20260720,14.3,14.3,13.94,13.99,332035,42245,14.071
BKR,BAKER HUGHES CLASS A,281316445,BKR,20260717,56.66,56.76,55.56,55.95,72950,39909,56.039
BKR,BAKER HUGHES CLASS A,281316445,BKR,20260720,56.24,56.24,55.05,55.15,32013,17935,55.649
HCA,HCA HEALTHCARE INC,85076790,HCA,20260717,384.68,386.27,371.12,371.18,20938,11348,376.837
HCA,HCA HEALTHCARE INC,85076790,HCA,20260720,373.44,376.78,368.0,370.42,22315,9451,370.584
DAL,DELTA AIR LINES INC,44001820,DAL,20260717,84.78,86.02,83.56,84.17,39420,20267,84.609
DAL,DELTA AIR LINES INC,44001820,DAL,20260720,84.79,85.5,83.81,84.54,30610,19121,84.415
LNG,CHENIERE ENERGY INC,4728003,LNG,20260717,262.69,263.76,258.89,262.6,23028,10831,261.315
LNG,CHENIERE ENERGY INC,4728003,LNG,20260720,262.6,267.23,260.57,264.95,19438,10313,265.263
AME,AMETEK INC,4392,AME,20260717,230.8,237.99,229.89,237.0,5727,3153,235.612
AME,AMETEK INC,4392,AME,20260720,237.95,238.96,233.45,235.21,5404,3732,235.48
KEYS,KEYSIGHT TECHNOLOGIES INC,170167160,KEYS,20260717,307.23,318.44,300.87,315.9,20517,9540,312.592
KEYS,KEYSIGHT TECHNOLOGIES INC,170167160,KEYS,20260720,318.43,322.42,313.2,314.13,13446,6736,316.638
CARR,CARRIER GLOBAL CORP,410755397,CARR,20260717,67.97,69.6,67.48,68.69,26273,14066,68.823
CARR,CARRIER GLOBAL CORP,410755397,CARR,20260720,68.84,69.22,66.84,66.98,28339,19035,67.575
CAH,CARDINAL HEALTH INC,5407,CAH,20260717,230.54,233.22,228.43,228.52,8464,5262,230.189
CAH,CARDINAL HEALTH INC,5407,CAH,20260720,229.2,229.24,225.49,225.75,6179,4557,226.746
CIEN,CIENA CORP,41045553,CIEN,20260717,370.99,388.61,359.01,374.41,45659,20663,376.873
CIEN,CIENA CORP,41045553,CIEN,20260720,375.01,394.56,375.0,378.77,26840,12118,384.931
LHX,L3HARRIS TECHNOLOGIES INC,371886040,LHX,20260717,287.1,290.2,281.51,282.01,16076,6835,284.119
LHX,L3HARRIS TECHNOLOGIES INC,371886040,LHX,20260720,283.71,284.73,280.44,280.55,14645,7791,282.767
FITB,FIFTH THIRD BANCORP,269318,FITB,20260717,58.93,58.93,55.0,58.01,67390,39953,57.64
FITB,FIFTH THIRD BANCORP,269318,FITB,20260720,57.8,58.48,57.08,57.4,28757,18871,57.561
EA,ELECTRONIC ARTS INC,268995,EA,20260717,209.2,209.2,208.8,208.9,22211,10552,209.014
EA,ELECTRONIC ARTS INC,268995,EA,20260720,209.25,209.34,208.96,209.29,10207,4734,209.107
VST,VISTRA CORP,254457731,VST,20260717,150.36,157.25,148.14,155.44,22279,15172,154.281
VST,VISTRA CORP,254457731,VST,20260720,157.52,158.57,155.6,157.99,13714,9781,157.403
FAST,FASTENAL,269120,FAST,20260717,46.9,47.1,45.26,45.49,57021,31548,45.882
FAST,FASTENAL,269120,FAST,20260720,45.71,45.71,44.33,44.76,43578,24533,44.676
NUE,NUCOR CORP,10557,NUE,20260717,232.04,237.6,231.13,236.61,6561,4214,235.863
NUE,NUCOR CORP,10557,NUE,20260720,237.82,237.82,229.99,230.74,6664,4985,232.097
LITE,LUMENTUM HOLDINGS INC,201113895,LITE,20260717,679.69,747.0,650.82,732.82,87251,39708,718.979
LITE,LUMENTUM HOLDINGS INC,201113895,LITE,20260720,764.13,801.8,763.0,765.55,69997,30707,784.127
ROK,ROCKWELL AUTOMATION INC,11697,ROK,20260717,454.6,465.53,451.54,461.85,10722,5820,460.21
ROK,ROCKWELL AUTOMATION INC,11697,ROK,20260720,464.31,466.75,456.38,458.71,6542,3317,460.58
ETR,ENTERGY CORP,6969,ETR,20260717,116.05,116.8,112.98,113.24,20764,12337,114.211
ETR,ENTERGY CORP,6969,ETR,20260720,113.89,115.11,111.83,111.91,10508,7192,112.764
NKE,NIKE INC CLASS B,10291,NKE,20260717,44.52,44.98,43.51,43.76,100948,49817,44.058
NKE,NIKE INC CLASS B,10291,NKE,20260720,43.84,43.84,42.82,43.47,71827,37238,43.203
APO,APOLLO GLOBAL MANAGEMENT INC,535288388,APO,20260717,121.54,125.24,119.37,120.47,27949,15765,120.859
APO,APOLLO GLOBAL MANAGEMENT INC,535288388,APO,20260720,121.65,121.67,116.87,118.24,18037,12000,118.145
MET,METLIFE INC,8093509,MET,20260717,93.21,94.86,93.12,94.0,13238,7843,94.085
MET,METLIFE INC,8093509,MET,20260720,94.0,94.27,92.76,92.99,19999,10573,93.242
PYPL,PAYPAL HOLDINGS INC,199169591,PYPL,20260717,56.49,57.17,55.69,56.56,135633,67906,56.458
PYPL,PAYPAL HOLDINGS INC,199169591,PYPL,20260720,56.49,57.16,55.28,56.82,162670,90663,56.52
TER,TERADYNE INC,12729,TER,20260717,306.77,330.68,296.82,322.36,58076,29447,318.805
TER,TERADYNE INC,12729,TER,20260720,335.24,351.23,331.27,333.76,41276,22933,339.24
PSA,PUBLIC STORAGE REIT,12002,PSA,20260717,323.58,328.92,317.42,318.04,13028,7311,320.573
PSA,PUBLIC STORAGE REIT,12002,PSA,20260720,317.17,317.17,313.33,315.53,13666,7774,314.978
AZO,AUTOZONE INC,4750,AZO,20260717,3076.9,3124.84,3015.0,3046.44,10052,4190,3046.515
AZO,AUTOZONE INC,4750,AZO,20260720,3064.19,3078.95,2986.78,2994.13,8299,3824,3003.131
EBAY,EBAY INC,4347086,EBAY,20260717,110.81,112.28,109.85,112.06,19067,9854,111.496
EBAY,EBAY INC,4347086,EBAY,20260720,112.48,114.59,111.56,114.19,14277,9745,113.706
DVN,DEVON ENERGY CORP,754442,DVN,20260717,43.84,44.22,43.21,43.83,49774,26688,43.696
DVN,DEVON ENERGY CORP,754442,DVN,20260720,43.35,44.31,43.22,43.78,45939,25964,43.904
COHR,COHERENT CORP,584127832,COHR,20260717,264.84,285.35,255.14,277.6,84695,37639,274.452
COHR,COHERENT CORP,584127832,COHR,20260720,288.65,298.87,284.2,285.4,58795,27031,292.168
XEL,XCEL ENERGY INC,10517,XEL,20260717,81.12,81.51,78.68,78.77,24233,15555,79.704
XEL,XCEL ENERGY INC,10517,XEL,20260720,79.25,80.04,78.27,78.67,14729,10526,78.89
EW,EDWARDS LIFESCIENCES CORP,8101142,EW,20260717,86.96,87.06,85.3,85.73,29936,15827,86.06
EW,EDWARDS LIFESCIENCES CORP,8101142,EW,20260720,85.97,86.28,84.87,85.0,20262,13728,85.455
STT,STATE STREET CORP,2730980,STT,20260717,181.41,186.51,179.35,182.5,19182,12874,182.694
STT,STATE STREET CORP,2730980,STT,20260720,184.15,185.85,181.29,182.58,15556,9075,182.766
HUM,HUMANA INC,8251,HUM,20260717,387.5,401.37,385.78,400.0,6627,4508,396.149
HUM,HUMANA INC,8251,HUM,20260720,400.32,406.54,396.43,398.2,3946,2822,398.988
AMP,AMERIPRISE FINANCE INC,35970258,AMP,20260717,523.8,538.93,523.68,527.87,6966,3688,529.824
AMP,AMERIPRISE FINANCE INC,35970258,AMP,20260720,528.76,530.82,523.17,526.22,5438,3178,526.623
EXC,EXELON CORP,11000,EXC,20260717,47.6,47.73,46.16,46.26,31705,19779,46.785
EXC,EXELON CORP,11000,EXC,20260720,46.45,46.72,45.74,45.96,24877,15948,46.026
NU,NU HOLDINGS CLASS A,531212348,NU,20260717,13.5,13.8,13.33,13.59,1020149,74511,13.636
NU,NU HOLDINGS CLASS A,531212348,NU,20260720,13.61,14.19,13.57,13.99,1523205,104437,14.015
CVNA,CARVANA CLASS A,274144952,CVNA,20260717,68.81,70.46,67.1,67.34,137578,60451,68.558
CVNA,CARVANA CLASS A,274144952,CVNA,20260720,67.65,67.96,63.8,64.14,185940,71961,64.648
VTR,VENTAS REIT INC,4044062,VTR,20260717,95.76,97.17,95.35,96.1,17479,9757,96.362
VTR,VENTAS REIT INC,4044062,VTR,20260720,96.02,96.62,95.47,96.25,9200,5991,96.093
ALAB,ASTERA LABS INC,692196414,ALAB,20260717,304.18,314.75,289.6,303.62,45561,27926,304.042
ALAB,ASTERA LABS INC,692196414,ALAB,20260720,310.15,322.68,307.4,309.09,13285,8160,313.554
ADSK,AUTODESK INC,265681,ADSK,20260717,217.05,221.81,214.7,218.35,14921,9619,217.6
ADSK,AUTODESK INC,265681,ADSK,20260720,215.07,219.14,211.99,217.8,9712,6309,216.524
BDX,BECTON DICKINSON,4886,BDX,20260717,158.84,163.14,157.02,158.17,10932,6424,158.869
BDX,BECTON DICKINSON,4886,BDX,20260720,157.76,158.27,154.31,154.48,8392,6077,155.642
IDXX,IDEXX LABORATORIES INC,270413,IDXX,20260717,572.19,579.4,561.15,567.44,6488,3240,567.404
IDXX,IDEXX LABORATORIES INC,270413,IDXX,20260720,569.39,569.95,561.02,563.81,4645,2183,565.047
FERG,FERGUSON ENTERPRISES INC,717988170,FERG,20260717,233.12,236.37,230.61,232.02,5496,3291,232.551
FERG,FERGUSON ENTERPRISES INC,717988170,FERG,20260720,233.54,234.24,228.1,229.02,3356,2172,229.446
RSG,REPUBLIC SERVICES INC,6478024,RSG,20260717,227.77,228.22,220.4,222.31,8697,5413,222.869
RSG,REPUBLIC SERVICES INC,6478024,RSG,20260720,222.07,223.18,219.52,220.53,5073,3741,220.924
WAB,WESTINGHOUSE AIR BRAKE TECHNOLOGIE,661633,WAB,20260717,259.26,266.57,257.5,262.08,3169,1973,262.314
WAB,WESTINGHOUSE AIR BRAKE TECHNOLOGIE,661633,WAB,20260720,263.63,264.06,256.12,257.85,3712,2415,258.259
MSCI,MSCI INC,47101335,MSCI,20260717,637.08,644.77,622.23,628.66,9143,4398,630.11
MSCI,MSCI INC,47101335,MSCI,20260720,627.63,631.7,621.07,625.11,9923,5517,625.668
CMG,CHIPOTLE MEXICAN GRILL INC,37655664,CMG,20260717,34.72,35.47,34.3,34.44,130450,65344,34.78
CMG,CHIPOTLE MEXICAN GRILL INC,37655664,CMG,20260720,34.14,34.15,32.73,33.13,141994,74565,33.139
TTWO,TAKE TWO INTERACTIVE SOFTWARE INC,6478131,TTWO,20260717,236.21,239.25,232.5,236.68,11882,7767,236.523
TTWO,TAKE TWO INTERACTIVE SOFTWARE INC,6478131,TTWO,20260720,236.96,241.79,236.75,238.98,4117,3066,239.714
FLEX,FLEX LTD,4596077,FLEX,20260717,116.31,120.24,111.37,119.25,32468,19740,117.36
FLEX,FLEX LTD,4596077,FLEX,20260720,120.41,122.07,118.76,119.91,18388,11245,120.444
ODFL,OLD DOMINION FREIGHT LINE INC,272667,ODFL,20260717,235.42,238.51,233.19,233.84,5463,3782,234.75
ODFL,OLD DOMINION FREIGHT LINE INC,272667,ODFL,20260720,234.36,234.36,229.1,231.76,4374,2920,231.163
MCHP,MICROCHIP TECHNOLOGY INC,271568,MCHP,20260717,78.89,82.0,78.0,80.96,54596,34022,80.482
MCHP,MICROCHIP TECHNOLOGY INC,271568,MCHP,20260720,82.53,83.42,80.33,80.51,28096,20918,81.435
AIG,AMERICAN INTERNATIONAL GROUP INC,61319701,AIG,20260717,78.39,80.94,78.39,80.5,30965,19818,80.173
AIG,AMERICAN INTERNATIONAL GROUP INC,61319701,AIG,20260720,80.08,80.34,79.56,79.8,9801,7022,79.934
XYZ,BLOCK INC CLASS A,212671971,XYZ,20260717,79.2,80.83,78.96,79.94,26001,15618,79.893
XYZ,BLOCK INC CLASS A,212671971,XYZ,20260720,79.34,80.48,78.17,79.29,19863,13108,79.596
ED,CONSOLIDATED EDISON INC,6691,ED,20260717,113.8,115.2,111.06,112.37,10797,5771,112.953
ED,CONSOLIDATED EDISON INC,6691,ED,20260720,112.84,113.24,110.59,111.05,6992,4730,111.486
PRU,PRUDENTIAL FINANCIAL INC,13865082,PRU,20260717,117.73,120.53,117.34,119.07,7251,4302,119.064
PRU,PRUDENTIAL FINANCIAL INC,13865082,PRU,20260720,119.05,119.4,117.69,117.97,6507,4618,118.292
ADM,ARCHER DANIELS MIDLAND,4165,ADM,20260717,83.7,86.0,83.7,85.9,20852,9801,85.032
ADM,ARCHER DANIELS MIDLAND,4165,ADM,20260720,84.61,86.2,84.52,85.67,15610,10385,85.464
GRMN,GARMIN LTD,76791198,GRMN,20260717,246.87,253.49,246.87,249.56,4096,2901,249.926
GRMN,GARMIN LTD,76791198,GRMN,20260720,249.52,250.99,244.66,244.79,3429,2388,246.266
CBRE,CBRE GROUP INC CLASS A,95514904,CBRE,20260717,142.69,144.88,140.24,140.96,7191,4809,141.665
CBRE,CBRE GROUP INC CLASS A,95514904,CBRE,20260720,140.51,140.51,137.94,138.62,6572,3872,138.661
NDAQ,NASDAQ INC,29380756,NDAQ,20260717,93.34,94.5,91.34,91.64,14724,9163,92.302
NDAQ,NASDAQ INC,29380756,NDAQ,20260720,91.78,92.92,91.03,91.87,13596,8946,92.061
YUM,YUM BRANDS INC,3206042,YUM,20260717,151.0,156.6,147.67,147.92,22127,13691,151.58
YUM,YUM BRANDS INC,3206042,YUM,20260720,148.98,149.0,146.36,147.37,15547,10876,147.573
KDP,KEURIG DR PEPPER INC,324057162,KDP,20260717,31.63,31.87,30.7,30.91,47807,25654,31.175
KDP,KEURIG DR PEPPER INC,324057162,KDP,20260720,30.91,31.07,30.38,30.44,39002,21430,30.59
OXY,OCCIDENTAL PETROLEUM CORP,10880,OXY,20260717,54.65,55.17,54.0,54.86,51396,28305,54.641
OXY,OCCIDENTAL PETROLEUM CORP,10880,OXY,20260720,54.21,55.67,54.0,55.19,39293,22975,55.147
AXON,AXON ENTERPRISE INC,272104927,AXON,20260717,531.94,538.2,507.11,510.28,11688,6315,516.551
AXON,AXON ENTERPRISE INC,272104927,AXON,20260720,501.64,532.19,500.22,527.48,12396,6322,519.645
PEG,PUBLIC SERVICE ENTERPRISE GROUP IN,11005,PEG,20260717,80.32,81.16,78.29,78.64,14590,8694,79.514
PEG,PUBLIC SERVICE ENTERPRISE GROUP IN,11005,PEG,20260720,78.38,79.19,77.47,77.83,13571,8356,77.994
SYY,SYSCO CORP,12581,SYY,20260717,83.07,84.1,81.14,81.69,19713,11215,82.275
SYY,SYSCO CORP,12581,SYY,20260720,82.44,82.63,80.73,80.78,7243,4672,81.355
IBKR,INTERACTIVE BROKERS GROUP INC CLAS,43645865,IBKR,20260717,89.6,92.03,87.87,90.53,24849,14847,90.358
IBKR,INTERACTIVE BROKERS GROUP INC CLAS,43645865,IBKR,20260720,91.87,93.46,91.31,91.68,18546,10805,92.43
AU,ANGLOGOLD ASHANTI PLC,655276604,AU,20260717,75.23,77.79,74.56,76.76,18507,11651,76.677
AU,ANGLOGOLD ASHANTI PLC,655276604,AU,20260720,75.95,76.66,74.79,74.88,11064,6751,75.472
HIG,HARTFORD INSURANCE GROUP INC,1217009,HIG,20260717,137.54,141.99,137.54,140.26,9640,6582,140.149
HIG,HARTFORD INSURANCE GROUP INC,1217009,HIG,20260720,140.3,141.3,139.89,140.5,9004,6528,140.526
PCG,PG&E CORP,2586035,PCG,20260717,17.71,17.85,17.27,17.32,87832,25146,17.519
PCG,PG&E CORP,2586035,PCG,20260720,17.37,17.49,17.29,17.43,75031,16671,17.375
DHI,D R HORTON INC,268627,DHI,20260717,153.65,157.23,148.76,149.39,14695,9260,150.955
DHI,D R HORTON INC,268627,DHI,20260720,149.82,149.98,143.93,144.79,25386,12818,145.955
FANG,DIAMONDBACK ENERGY INC,115441080,FANG,20260717,193.04,196.1,192.3,195.54,8664,5828,194.282
FANG,DIAMONDBACK ENERGY INC,115441080,FANG,20260720,193.28,198.05,192.43,195.38,8405,5504,196.252
VMC,VULCAN MATERIALS,13515,VMC,20260717,291.03,298.85,287.05,288.33,9013,4661,291.048
VMC,VULCAN MATERIALS,13515,VMC,20260720,290.91,293.43,278.87,280.62,17475,6258,281.353
UAL,UNITED AIRLINES HOLDINGS INC,79498203,UAL,20260717,115.89,118.59,114.04,115.41,26408,15796,116.069
UAL,UNITED AIRLINES HOLDINGS INC,79498203,UAL,20260720,117.12,118.99,115.81,117.52,26501,13612,117.282
WEC,WEC ENERGY GROUP INC,198560237,WEC,20260717,115.57,116.66,112.88,113.35,9260,5472,114.294
WEC,WEC ENERGY GROUP INC,198560237,WEC,20260720,113.45,114.49,111.94,112.55,7416,5097,112.635
A,AGILENT TECHNOLOGIES INC,1715006,A,20260717,134.42,135.8,130.93,131.46,11301,7876,132.398
A,AGILENT TECHNOLOGIES INC,1715006,A,20260720,131.35,132.83,130.15,130.26,12221,8583,131.587
ROP,ROPER TECHNOLOGIES INC,2585629,ROP,20260717,364.16,369.07,358.75,363.14,12683,6757,363.072
ROP,ROPER TECHNOLOGIES INC,2585629,ROP,20260720,360.76,366.65,355.0,362.84,9519,5488,363.106
NTRA,NATERA INC,198950253,NTRA,20260717,265.4,272.31,262.0,271.39,4660,3276,267.855
NTRA,NATERA INC,198950253,NTRA,20260720,268.81,271.64,262.01,262.63,3893,2628,265.123
HBAN,HUNTINGTON BANCSHARES INC,270018,HBAN,20260717,18.46,18.57,18.19,18.25,138884,27427,18.37
HBAN,HUNTINGTON BANCSHARES INC,270018,HBAN,20260720,18.27,18.33,18.03,18.06,108971,24781,18.11
IRM,IRON MOUNTAIN INC,180350774,IRM,20260717,120.74,125.11,119.12,123.82,10657,6724,123.221
IRM,IRON MOUNTAIN INC,180350774,IRM,20260720,123.66,125.91,122.74,124.23,6578,4826,123.79
PAYX,PAYCHEX INC,272942,PAYX,20260717,116.13,117.72,112.5,114.39,17799,12140,114.5
PAYX,PAYCHEX INC,272942,PAYX,20260720,113.94,115.39,112.58,115.2,11499,8184,114.599
MTB,M&T BANK,2585323,MTB,20260717,252.25,255.0,248.74,249.24,4851,3494,251.072
MTB,M&T BANK,2585323,MTB,20260720,250.17,250.68,247.0,249.44,5085,3634,248.277
RKLB,ROCKET LAB CORP,787273575,RKLB,20260717,65.93,70.63,64.51,67.62,147277,69796,68.148
RKLB,ROCKET LAB CORP,787273575,RKLB,20260720,68.39,69.54,65.44,65.74,116511,49909,66.8
WAT,WATERS CORP,1448494,WAT,20260717,374.08,378.9,367.5,368.98,8077,4622,370.724
WAT,WATERS CORP,1448494,WAT,20260720,367.48,367.86,357.04,357.54,10633,6307,359.783
KVUE,KENVUE INC,629043863,KVUE,20260717,19.02,19.36,18.85,18.98,142120,38306,19.015
KVUE,KENVUE INC,629043863,KVUE,20260720,18.93,19.08,18.89,19.02,71852,16805,19.013
KMB,KIMBERLY CLARK CORP,8864,KMB,20260717,110.54,111.18,107.74,108.35,17764,12027,108.84
KMB,KIMBERLY CLARK CORP,8864,KMB,20260720,108.0,108.79,107.63,108.48,10354,7075,108.339
ALNY,ALNYLAM PHARMACEUTICALS INC,29442968,ALNY,20260717,280.99,284.36,266.43,267.47,19068,10408,271.861
ALNY,ALNYLAM PHARMACEUTICALS INC,29442968,ALNY,20260720,267.55,275.25,266.27,272.67,19487,9280,272.245
RVMD,REVOLUTION MEDICINES INC,403666731,RVMD,20260717,176.87,186.66,176.0,186.16,10026,5547,183.655
RVMD,REVOLUTION MEDICINES INC,403666731,RVMD,20260720,186.64,189.85,180.16,180.39,6222,4329,183.853
ACGL,ARCH CAPITAL GROUP LTD,10763362,ACGL,20260717,101.37,103.35,100.81,101.35,11627,7776,101.465
ACGL,ARCH CAPITAL GROUP LTD,10763362,ACGL,20260720,101.01,102.42,100.75,101.83,8189,5938,101.748
CCI,CROWN CASTLE INC,176571182,CCI,20260717,80.05,80.69,78.62,79.17,16683,10379,79.309
CCI,CROWN CASTLE INC,176571182,CCI,20260720,79.0,79.23,77.32,78.18,20492,12328,78.168
COIN,COINBASE GLOBAL INC CLASS A,481691285,COIN,20260717,153.36,160.81,152.58,157.12,34575,18643,156.964
COIN,COINBASE GLOBAL INC CLASS A,481691285,COIN,20260720,158.19,164.7,155.15,160.43,29495,15917,160.304
ON,ON SEMICONDUCTOR CORP,8677881,ON,20260717,84.81,90.0,83.35,87.37,50790,30707,87.066
ON,ON SEMICONDUCTOR CORP,8677881,ON,20260720,90.28,90.3,86.49,86.7,26523,16687,87.724
IQV,IQVIA HOLDINGS INC,295757261,IQV,20260717,207.15,211.64,205.8,206.26,6979,4823,207.156
IQV,IQVIA HOLDINGS INC,295757261,IQV,20260720,205.19,205.54,201.33,203.9,3751,2597,204.577
NTRS,NORTHERN TRUST CORP,272565,NTRS,20260717,186.47,187.72,182.84,184.68,5188,3345,185.114
NTRS,NORTHERN TRUST CORP,272565,NTRS,20260720,186.2,186.97,182.36,182.78,5667,3911,183.659
CCL,CARNIVAL CORP LTD,878372298,CCL,20260717,26.01,26.66,25.86,26.41,114134,46321,26.363
CCL,CARNIVAL CORP LTD,878372298,CCL,20260720,26.61,26.77,25.82,26.04,113009,47740,26.101
MLM,MARTIN MARIETTA MATERIALS INC,9690,MLM,20260717,572.42,584.81,561.41,562.59,6060,2749,568.979
MLM,MARTIN MARIETTA MATERIALS INC,9690,MLM,20260720,567.88,567.88,548.17,553.62,10373,3975,554.016
CRDO,CREDO TECHNOLOGY GROUP HOLDING LTD,541265127,CRDO,20260717,193.53,209.97,185.86,202.68,53547,31285,198.145
CRDO,CREDO TECHNOLOGY GROUP HOLDING LTD,541265127,CRDO,20260720,213.17,221.42,210.13,212.07,31388,18781,215.262
CNC,CENTENE CORP,13878278,CNC,20260717,64.13,66.5,63.39,66.44,24781,14829,65.499
CNC,CENTENE CORP,13878278,CNC,20260720,66.65,67.0,65.83,65.84,13021,8577,66.397
EME,EMCOR GROUP INC,6820,EME,20260717,728.58,744.96,717.28,744.16,8255,4909,736.086
EME,EMCOR GROUP INC,6820,EME,20260720,759.04,761.1,740.24,744.03,4817,2831,746.919
RBLX,ROBLOX CORP CLASS A,476026060,RBLX,20260717,52.18,52.8,50.56,51.68,42833,27895,51.723
RBLX,ROBLOX CORP CLASS A,476026060,RBLX,20260720,51.73,55.42,51.73,53.25,57402,31872,53.9
KR,KROGER,8908,KR,20260717,59.71,60.34,58.42,58.82,34864,19637,59.305
KR,KROGER,8908,KR,20260720,58.55,58.62,57.87,58.36,21748,13477,58.233
NTAP,NETAPP INC,49921110,NTAP,20260717,157.96,165.36,157.0,163.88,12228,7253,162.502
NTAP,NETAPP INC,49921110,NTAP,20260720,163.79,165.0,160.81,161.16,9573,6347,162.854
ZTS,ZOETIS INC CLASS A,121665622,ZTS,20260717,76.87,77.52,75.15,76.03,21523,12020,76.13
ZTS,ZOETIS INC CLASS A,121665622,ZTS,20260720,75.69,76.5,74.65,76.2,34461,18285,75.916
IR,INGERSOLL RAND INC,404509190,IR,20260717,83.48,85.05,81.81,82.24,23188,13258,83.084
IR,INGERSOLL RAND INC,404509190,IR,20260720,82.11,82.62,79.85,80.18,26280,15644,80.337
CASY,CASEYS GENERAL STORES INC,267265,CASY,20260717,834.46,862.67,820.0,859.12,4328,2095,855.27
CASY,CASEYS GENERAL STORES INC,267265,CASY,20260720,861.58,873.05,861.22,866.46,2619,1537,865.516
STLD,STEEL DYNAMICS INC,6478095,STLD,20260717,232.7,236.33,229.63,235.51,2968,1968,234.825
STLD,STEEL DYNAMICS INC,6478095,STLD,20260720,235.89,237.37,228.77,230.49,8826,6181,231.471
JBL,JABIL INC,4457282,JBL,20260717,299.93,304.88,290.43,301.01,25036,11980,299.277
JBL,JABIL INC,4457282,JBL,20260720,304.0,309.97,303.38,305.91,10097,5688,306.497
EXR,EXTRA SPACE STORAGE REIT INC,30351205,EXR,20260717,150.39,152.72,147.61,148.16,3672,2474,149.355
EXR,EXTRA SPACE STORAGE REIT INC,30351205,EXR,20260720,147.89,147.89,145.93,147.28,3015,2240,147.15
MSTR,STRATEGY INC CLASS A,272110,MSTR,20260717,90.79,95.97,90.06,94.85,76761,41262,93.59
MSTR,STRATEGY INC CLASS A,272110,MSTR,20260720,95.42,100.92,94.86,97.82,103070,55466,97.997
DTE,DTE ENERGY,6585,DTE,20260717,150.61,151.92,147.48,148.19,4067,2640,149.105
DTE,DTE ENERGY,6585,DTE,20260720,148.39,149.37,145.6,145.95,3858,2870,146.544
EXPE,EXPEDIA GROUP INC,98542021,EXPE,20260717,269.31,273.0,264.6,268.77,6100,4306,267.85
EXPE,EXPEDIA GROUP INC,98542021,EXPE,20260720,268.03,269.58,263.53,265.08,4020,3088,266.023
AEE,AMEREN CORP,13181,AEE,20260717,114.14,115.08,111.03,111.55,11052,6283,112.515
AEE,AMEREN CORP,13181,AEE,20260720,111.91,112.65,110.16,110.42,5071,3841,110.827
CFG,CITIZENS FINANCIAL GROUP INC,167955370,CFG,20260717,73.89,74.16,71.83,72.39,36966,21598,72.753
CFG,CITIZENS FINANCIAL GROUP INC,167955370,CFG,20260720,72.62,73.1,71.48,71.5,18717,12857,71.799
TWLO,TWILIO INC CLASS A,237794430,TWLO,20260717,202.75,209.8,200.05,206.78,15258,7571,206.257
TWLO,TWILIO INC CLASS A,237794430,TWLO,20260720,205.94,212.79,202.04,205.24,8569,4760,208.84
BIIB,BIOGEN INC,26734397,BIIB,20260717,209.36,215.79,203.4,205.99,5083,3406,208.083
BIIB,BIOGEN INC,26734397,BIIB,20260720,204.08,205.65,199.62,199.95,3368,2347,202.432
EQT,EQT CORP,57698865,EQT,20260717,50.08,50.5,49.37,49.56,33834,18631,49.791
EQT,EQT CORP,57698865,EQT,20260720,49.39,49.47,48.56,49.05,56049,30525,49.013
SUNB,SUNBELT RENTALS HOLDINGS INC,858494169,SUNB,20260717,72.74,74.79,72.17,73.41,10914,8315,73.872
SUNB,SUNBELT RENTALS HOLDINGS INC,858494169,SUNB,20260720,73.66,74.06,71.86,72.0,8481,5955,72.616
EIX,EDISON INTERNATIONAL,11899,EIX,20260717,79.21,79.88,77.19,77.63,10925,6340,78.216
EIX,EDISON INTERNATIONAL,11899,EIX,20260720,77.84,78.52,77.2,77.25,8063,5098,77.606
RJF,RAYMOND JAMES INC,11656,RJF,20260717,167.42,170.69,166.2,168.36,4168,2721,168.615
RJF,RAYMOND JAMES INC,11656,RJF,20260720,168.87,169.3,166.9,168.32,4491,3480,168.033
WDAY,WORKDAY INC CLASS A,115324104,WDAY,20260717,146.37,149.88,142.36,144.78,20969,14688,145.313
WDAY,WORKDAY INC CLASS A,115324104,WDAY,20260720,140.51,147.83,139.13,147.22,11999,7852,145.372
VEEV,VEEVA SYSTEMS INC CLASS A,136254493,VEEV,20260717,197.37,200.0,194.25,195.38,6130,4294,196.207
VEEV,VEEVA SYSTEMS INC CLASS A,136254493,VEEV,20260720,193.0,199.87,191.24,197.41,5799,3868,197.107
DXCM,DEXCOM INC,33837089,DXCM,20260717,77.94,78.01,75.95,76.65,21403,13043,76.715
DXCM,DEXCOM INC,33837089,DXCM,20260720,76.6,77.09,75.66,75.69,14273,8698,76.332
HAL,HALLIBURTON,7890,HAL,20260717,35.29,35.36,34.78,35.22,48847,26348,35.161
HAL,HALLIBURTON,7890,HAL,20260720,35.25,35.93,35.09,35.11,98639,49969,35.579
ATO,ATMOS ENERGY CORP,4644,ATO,20260717,176.04,181.47,176.04,177.68,6381,3630,178.103
ATO,ATMOS ENERGY CORP,4644,ATO,20260720,177.5,178.65,176.19,177.33,4763,2947,177.313
TDY,TELEDYNE TECHNOLOGIES INC,6340773,TDY,20260717,614.22,637.83,610.0,635.52,3661,1959,631.895
TDY,TELEDYNE TECHNOLOGIES INC,6340773,TDY,20260720,635.67,643.49,621.98,626.59,5873,3332,630.041
VICI,VICI PPTYS INC,292080616,VICI,20260717,27.36,27.58,26.71,26.87,53604,26120,26.972
VICI,VICI PPTYS INC,292080616,VICI,20260720,26.84,26.97,26.69,26.84,38126,17183,26.79
XYL,XYLEM INC,95703740,XYL,20260717,125.01,126.76,122.66,122.78,13511,9721,124.622
XYL,XYLEM INC,95703740,XYL,20260720,122.41,122.63,119.84,120.62,6826,4988,120.689
RMD,RESMED INC,4817352,RMD,20260717,201.19,203.04,198.22,198.99,5250,3660,199.957
RMD,RESMED INC,4817352,RMD,20260720,196.94,198.73,194.52,198.61,4257,3456,197.336
LYV,LIVE NATION ENTERTAINMENT INC,37511786,LYV,20260717,177.79,181.23,177.79,180.22,5201,3666,179.669
LYV,LIVE NATION ENTERTAINMENT INC,37511786,LYV,20260720,181.36,183.98,180.23,180.86,7646,5363,181.306
CBOE,CBOE GLOBAL MARKETS INC,76227954,CBOE,20260717,278.58,284.0,272.59,273.41,13307,6785,276.535
CBOE,CBOE GLOBAL MARKETS INC,76227954,CBOE,20260720,273.95,279.36,270.21,278.21,10551,4771,276.79
Q,QNITY ELECTRONICS INC,824788107,Q,20260717,130.45,139.87,129.08,136.35,12435,7615,135.448
Q,QNITY ELECTRONICS INC,824788107,Q,20260720,138.61,139.8,134.26,134.58,4901,3403,136.106
GEHC,GE HEALTHCARE TECHNOLOGIES INC,601776309,GEHC,20260717,65.49,66.29,62.64,63.07,40069,20505,63.906
GEHC,GE HEALTHCARE TECHNOLOGIES INC,601776309,GEHC,20260720,63.41,63.48,62.51,62.83,28411,13604,62.924
TPR,TAPESTRY INC,292491487,TPR,20260717,141.38,144.11,140.81,141.46,11232,6582,142.429
TPR,TAPESTRY INC,292491487,TPR,20260720,140.7,143.39,140.02,141.12,5862,4098,141.265
DOV,DOVER CORP,6517,DOV,20260717,214.23,218.68,213.41,214.18,3825,2553,214.875
DOV,DOVER CORP,6517,DOV,20260720,214.68,215.75,208.97,209.63,2979,1964,210.541
CNP,CENTERPOINT ENERGY INC,8093,CNP,20260717,43.81,44.28,43.06,43.13,30627,18881,43.493
CNP,CENTERPOINT ENERGY INC,8093,CNP,20260720,43.33,43.64,42.7,42.99,27401,18960,43.008
FTI,TECHNIPFMC PLC,262072228,FTI,20260717,71.76,72.2,70.85,72.07,9674,6280,71.734
FTI,TECHNIPFMC PLC,262072228,FTI,20260720,73.0,73.35,72.01,72.05,19527,8827,72.672
FICO,FAIR ISAAC CORP,269280,FICO,20260717,1232.89,1260.21,1219.97,1257.11,16783,6109,1243.958
FICO,FAIR ISAAC CORP,269280,FICO,20260720,1249.28,1269.58,1231.73,1263.83,12240,5899,1258.687
ILMN,ILLUMINA INC,9869443,ILMN,20260717,188.34,190.25,184.06,186.65,5731,4081,186.104
ILMN,ILLUMINA INC,9869443,ILMN,20260720,186.84,188.12,183.74,184.68,9013,5330,185.348
ES,EVERSOURCE ENERGY,182880167,ES,20260717,75.83,76.22,74.32,74.62,9651,5874,75.001
ES,EVERSOURCE ENERGY,182880167,ES,20260720,74.68,75.49,73.78,74.05,7388,4677,74.4
OTIS,OTIS WORLDWIDE CORP,410755402,OTIS,20260717,75.52,75.91,72.95,73.45,23605,13522,73.94
OTIS,OTIS WORLDWIDE CORP,410755402,OTIS,20260720,73.28,73.8,72.92,73.48,27364,13902,73.417
DG,DOLLAR GENERAL CORP,70212228,DG,20260717,127.45,130.61,124.67,125.75,16016,8869,127.161
DG,DOLLAR GENERAL CORP,70212228,DG,20260720,125.75,126.75,124.66,124.75,9966,6027,125.648
WTW,WILLIS TOWERS WATSON PLC,217947855,WTW,20260717,297.43,302.0,292.68,293.43,9058,5336,294.805
WTW,WILLIS TOWERS WATSON PLC,217947855,WTW,20260720,292.34,294.13,290.26,293.3,5934,3121,292.627
CINF,CINCINNATI FINANCIAL CORP,267661,CINF,20260717,176.95,182.66,176.95,180.79,4632,3223,179.988
CINF,CINCINNATI FINANCIAL CORP,267661,CINF,20260720,180.48,182.08,180.12,180.36,2433,1721,181.11
FE,FIRSTENERGY CORP,3265376,FE,20260717,49.48,49.87,48.43,48.53,18455,11752,48.848
FE,FIRSTENERGY CORP,3265376,FE,20260720,48.75,49.21,48.19,48.54,24484,16384,48.52
RF,REGIONS FINANCIAL CORP,273815,RF,20260717,31.92,32.47,31.46,31.65,146887,57292,31.838
RF,REGIONS FINANCIAL CORP,273815,RF,20260720,31.52,31.81,31.02,31.11,125464,47531,31.219
PPL,PPL CORP,661547,PPL,20260717,36.69,36.86,35.74,35.85,30402,16969,36.124
PPL,PPL CORP,661547,PPL,20260720,35.96,36.18,35.31,35.43,34884,16733,35.596
CRS,CARPENTER TECHNOLOGY CORP,6077,CRS,20260717,545.9,560.05,532.58,557.77,12168,6642,553.722
CRS,CARPENTER TECHNOLOGY CORP,6077,CRS,20260720,565.29,576.07,552.2,555.13,7880,4431,561.414
FISV,FISERV INC,269315,FISV,20260717,51.44,52.23,50.26,50.63,33727,17846,50.861
FISV,FISERV INC,269315,FISV,20260720,50.61,51.95,49.99,51.68,33561,18819,51.262
AVB,AVALONBAY COMMUNITIES REIT INC,5026974,AVB,20260717,195.5,197.22,191.04,192.53,5182,2687,194.014
AVB,AVALONBAY COMMUNITIES REIT INC,5026974,AVB,20260720,192.48,193.24,191.25,191.84,3215,2208,191.997
WSM,WILLIAMS SONOMA INC,5019164,WSM,20260717,226.1,233.74,224.95,228.41,4863,3562,228.585
WSM,WILLIAMS SONOMA INC,5019164,WSM,20260720,229.51,229.55,222.96,223.34,2453,1921,224.824
MTD,METTLER TOLEDO INC,6477908,MTD,20260717,1312.13,1339.58,1301.36,1310.02,7500,4676,1310.505
MTD,METTLER TOLEDO INC,6477908,MTD,20260720,1295.35,1295.79,1269.21,1273.77,10778,4834,1279.544
AWK,AMERICAN WATER WORKS INC,50530752,AWK,20260717,136.31,137.76,134.24,135.11,11877,7160,135.464
AWK,AMERICAN WATER WORKS INC,50530752,AWK,20260720,134.53,135.76,132.4,133.65,6702,4577,133.673
VRSK,VERISK ANALYTICS INC,69293559,VRSK,20260717,204.23,205.7,198.04,200.68,8281,5910,200.737
VRSK,VERISK ANALYTICS INC,69293559,VRSK,20260720,200.0,202.29,197.4,201.79,6447,4305,200.531
NRG,NRG ENERGY INC,10188791,NRG,20260717,130.55,132.3,128.52,129.11,16190,9423,130.149
NRG,NRG ENERGY INC,10188791,NRG,20260720,130.24,131.86,129.17,130.58,9236,5973,130.639
CW,CURTISS WRIGHT CORP,6236,CW,20260717,698.52,718.81,691.58,707.84,2243,1477,710.563
CW,CURTISS WRIGHT CORP,6236,CW,20260720,717.52,731.01,706.7,709.02,2420,1440,714.761
LPLA,LPL FINANCIAL HOLDINGS INC,109435481,LPLA,20260717,327.08,334.41,324.02,324.9,8456,5696,328.282
LPLA,LPL FINANCIAL HOLDINGS INC,109435481,LPLA,20260720,329.07,329.07,322.34,327.96,7570,4408,327.057
PPG,PPG INDUSTRIES INC,11295,PPG,20260717,120.22,121.27,117.09,117.36,6531,4435,118.49
PPG,PPG INDUSTRIES INC,11295,PPG,20260720,117.25,117.85,115.3,115.7,3882,3042,115.844
HUBB,HUBBELL INC,216386790,HUBB,20260717,471.44,491.25,467.85,488.67,8109,4500,485.861
HUBB,HUBBELL INC,216386790,HUBB,20260720,492.51,496.48,483.61,484.98,6479,3894,487.45
QSR,RESTAURANTS BRANDS INTERNATIONAL I,176372132,QSR,20260717,77.92,77.92,74.89,75.01,18313,12491,75.67
QSR,RESTAURANTS BRANDS INTERNATIONAL I,176372132,QSR,20260720,75.4,75.47,73.85,73.96,12387,7960,74.38
EQR,EQUITY RESIDENTIAL REIT,6917,EQR,20260717,70.24,70.75,68.56,69.0,12771,7890,69.504
EQR,EQUITY RESIDENTIAL REIT,6917,EQR,20260720,69.0,69.32,68.56,68.8,11292,7646,68.835
CRWV,COREWEAVE INC CLASS A,771759702,CRWV,20260717,70.72,74.5,68.51,73.21,199245,102919,72.339
CRWV,COREWEAVE INC CLASS A,771759702,CRWV,20260720,75.82,79.31,73.01,73.06,161507,79079,75.752
OKTA,OKTA INC CLASS A,272356196,OKTA,20260717,143.68,153.44,142.58,149.35,14626,9196,149.036
OKTA,OKTA INC CLASS A,272356196,OKTA,20260720,149.36,153.92,147.7,148.41,11102,6218,151.071
ATI,ATI INC,1946967,ATI,20260717,180.8,188.34,177.0,186.17,6408,4573,185.112
ATI,ATI INC,1946967,ATI,20260720,188.96,190.43,184.12,186.24,8239,5708,186.16
HSY,HERSHEY FOODS,8199,HSY,20260717,176.89,177.66,170.88,171.42,4691,3115,173.077
HSY,HERSHEY FOODS,8199,HSY,20260720,170.0,172.83,168.75,171.7,8045,5243,171.109
WST,WEST PHARMACEUTICAL SERVICES INC,13909,WST,20260717,360.4,366.14,358.14,358.24,2946,1890,361.285
WST,WEST PHARMACEUTICAL SERVICES INC,13909,WST,20260720,357.03,360.49,352.32,352.32,2320,1657,355.705
NVT,NVENT ELECTRIC PLC,314064093,NVT,20260717,148.92,157.3,145.67,154.92,9955,6963,153.475
NVT,NVENT ELECTRIC PLC,314064093,NVT,20260720,157.41,159.16,154.43,154.78,7115,5132,156.25
CHRW,CH ROBINSON WORLDWIDE INC,36320731,CHRW,20260717,205.01,208.83,203.93,208.5,15600,7172,206.296
CHRW,CH ROBINSON WORLDWIDE INC,36320731,CHRW,20260720,209.05,209.65,204.71,205.8,8216,5507,206.916
ARES,ARES MANAGEMENT CORP CLASS A,341904548,ARES,20260717,122.4,127.0,122.4,125.68,10085,6468,124.77
ARES,ARES MANAGEMENT CORP CLASS A,341904548,ARES,20260720,125.33,125.45,120.42,121.27,10204,7146,121.828
SYF,SYNCHRONY FINANCIAL,162231797,SYF,20260717,72.85,74.05,71.98,73.62,15280,9673,73.461
SYF,SYNCHRONY FINANCIAL,162231797,SYF,20260720,73.8,74.38,73.04,73.41,30420,21325,73.632
TROW,T ROWE PRICE GROUP INC,275321,TROW,20260717,117.77,118.46,116.33,117.35,7645,5077,117.481
TROW,T ROWE PRICE GROUP INC,275321,TROW,20260720,118.0,118.0,115.95,116.49,6346,4716,116.767
MKL,MARKEL GROUP INC,271460,MKL,20260717,1961.26,1990.92,1959.29,1972.43,2174,1418,1973.702
MKL,MARKEL GROUP INC,271460,MKL,20260720,1973.59,1990.97,1970.07,1978.14,1896,1133,1981.741
XPO,XPO INC,93957038,XPO,20260717,216.61,220.49,213.88,215.02,3664,2753,216.492
XPO,XPO INC,93957038,XPO,20260720,215.88,215.88,210.43,210.61,3522,2586,211.691
CPRT,COPART INC,4728523,CPRT,20260717,28.65,28.76,27.35,27.61,73653,38862,27.854
CPRT,COPART INC,4728523,CPRT,20260720,27.66,27.73,27.18,27.49,60187,26905,27.48
ZM,ZOOM COMMUNICATIONS INC CLASS A,361181057,ZM,20260717,91.42,92.36,89.91,91.13,15525,10180,90.837
ZM,ZOOM COMMUNICATIONS INC CLASS A,361181057,ZM,20260720,90.66,91.86,89.3,90.91,14444,10236,90.978
PFG,PRINCIPAL FINANCIAL GROUP INC,11032,PFG,20260717,113.04,114.47,112.07,113.95,7906,4460,113.763
PFG,PRINCIPAL FINANCIAL GROUP INC,11032,PFG,20260720,114.1,114.15,111.45,112.06,7574,5552,112.386
MDB,MONGODB INC CLASS A,292833239,MDB,20260717,322.27,327.39,311.0,312.33,31241,15776,316.166
MDB,MONGODB INC CLASS A,292833239,MDB,20260720,311.11,329.93,310.86,323.36,15341,8179,324.812
EXPD,EXPEDITORS INTERNATIONAL OF WASHIN,269082,EXPD,20260717,180.44,183.52,180.44,182.8,7238,5409,182.217
EXPD,EXPEDITORS INTERNATIONAL OF WASHIN,269082,EXPD,20260720,181.93,182.0,177.06,177.37,5416,3950,179.261
TPL,TEXAS PACIFIC LAND CORP,463654490,TPL,20260717,422.23,429.78,406.46,415.7,4015,2003,416.102
TPL,TEXAS PACIFIC LAND CORP,463654490,TPL,20260720,415.35,419.52,405.39,405.87,2739,1624,413.969
RPRX,ROYALTY PHARMA PLC CLASS A,427387265,RPRX,20260717,58.5,59.44,58.11,58.18,16455,8171,58.744
RPRX,ROYALTY PHARMA PLC CLASS A,427387265,RPRX,20260720,58.34,58.95,57.22,57.3,17460,9204,58.113
PHM,PULTEGROUP INC,11109,PHM,20260717,128.71,131.56,125.35,126.08,7716,5186,127.183
PHM,PULTEGROUP INC,11109,PHM,20260720,126.29,126.97,122.48,123.18,10254,6515,123.376
RDDT,REDDIT INC CLASS A,692025016,RDDT,20260717,181.54,184.95,173.71,181.18,19127,12128,181.114
RDDT,REDDIT INC CLASS A,692025016,RDDT,20260720,179.0,187.43,174.46,181.64,27587,16659,182.946
WWD,WOODWARD INC,6761574,WWD,20260717,386.89,399.48,382.15,392.88,7253,4559,394.828
WWD,WOODWARD INC,6761574,WWD,20260720,396.29,402.6,390.3,390.75,4152,2620,394.714
FFIV,F5 INC,6248713,FFIV,20260717,395.12,413.54,391.97,409.1,5441,3028,408.179
FFIV,F5 INC,6248713,FFIV,20260720,410.98,419.84,410.98,411.92,4853,2922,414.716
DLTR,DOLLAR TREE INC,49388062,DLTR,20260717,128.99,133.26,125.58,125.94,12146,8279,128.183
DLTR,DOLLAR TREE INC,49388062,DLTR,20260720,126.98,127.33,123.5,126.38,12580,8729,126.129
CPAY,CORPAY INC,691994611,CPAY,20260717,366.39,374.09,364.27,365.79,4094,2262,366.759
CPAY,CORPAY INC,691994611,CPAY,20260720,364.58,373.56,361.9,369.28,5185,3000,369.627
DGX,QUEST DIAGNOSTICS INC,2459465,DGX,20260717,210.95,214.4,209.41,210.68,4450,2875,210.965
DGX,QUEST DIAGNOSTICS INC,2459465,DGX,20260720,208.61,211.0,205.61,207.66,3545,2742,208.187
LH,LABCORP HOLDINGS INC,703660032,LH,20260717,282.46,290.65,279.02,283.36,8757,5033,283.666
LH,LABCORP HOLDINGS INC,703660032,LH,20260720,281.27,284.49,278.42,281.48,8683,4784,281.155
CHD,CHURCH AND DWIGHT INC,5651,CHD,20260717,99.97,100.93,97.17,98.07,7360,4820,98.67
CHD,CHURCH AND DWIGHT INC,5651,CHD,20260720,97.5,97.98,97.06,97.79,4784,3349,97.668
SW,SMURFIT WESTROCK PLC,713434903,SW,20260717,44.8,45.68,43.91,44.3,16240,10353,44.516
SW,SMURFIT WESTROCK PLC,713434903,SW,20260720,44.72,44.81,43.08,43.14,20840,14034,43.363
OMC,OMNICOM GROUP INC,10811,OMC,20260717,84.1,85.18,81.47,81.73,16284,10687,82.269
OMC,OMNICOM GROUP INC,10811,OMC,20260720,81.56,82.92,81.0,82.37,8797,5860,82.2
VLTO,VERALTO CORP,655276622,VLTO,20260717,93.3,96.67,93.3,93.81,10677,7218,94.257
VLTO,VERALTO CORP,655276622,VLTO,20260720,94.17,94.18,92.74,93.15,5415,3421,93.284
INSM,INSMED INC,84889699,INSM,20260717,105.2,110.58,105.2,108.32,12057,9119,108.603
INSM,INSMED INC,84889699,INSM,20260720,108.24,109.8,106.63,107.02,11481,7348,108.138
DRI,DARDEN RESTAURANTS INC,661440,DRI,20260717,202.6,203.0,197.71,198.53,4670,3512,199.84
DRI,DARDEN RESTAURANTS INC,661440,DRI,20260720,198.74,200.11,192.3,194.82,8534,5882,194.288
HPQ,HP INC,209411801,HPQ,20260717,23.99,25.14,23.96,24.84,122333,59955,24.699
HPQ,HP INC,209411801,HPQ,20260720,24.68,24.84,24.01,24.22,75427,37409,24.288
VRSN,VERISIGN INC,4173050,VRSN,20260717,273.6,278.9,273.19,277.66,2904,2113,275.899
VRSN,VERISIGN INC,4173050,VRSN,20260720,277.66,280.59,275.53,277.61,3007,2364,277.941
CMS,CMS ENERGY CORP,5840,CMS,20260717,75.0,75.9,73.41,73.65,20578,12078,74.491
CMS,CMS ENERGY CORP,5840,CMS,20260720,73.9,74.32,72.57,72.88,14576,10411,72.993
MRNA,MODERNA INC,344809106,MRNA,20260717,61.68,63.28,61.09,61.82,27945,14667,62.192
MRNA,MODERNA INC,344809106,MRNA,20260720,61.46,62.42,59.3,59.49,25991,14722,60.654
LUV,SOUTHWEST AIRLINES,9282,LUV,20260717,48.75,48.96,47.56,48.08,21081,13447,48.182
LUV,SOUTHWEST AIRLINES,9282,LUV,20260720,48.61,48.94,47.93,48.34,30035,15474,48.239
FWONK,LIBERTY MEDIA FORMULA ONE SERIES C,646549324,FWONK,20260717,99.07,102.3,98.66,102.2,18804,9136,101.732
FWONK,LIBERTY MEDIA FORMULA ONE SERIES C,646549324,FWONK,20260720,101.94,103.22,99.16,99.2,12600,7527,101.14
KHC,KRAFT HEINZ,199169586,KHC,20260717,26.61,27.13,25.74,25.88,104334,37112,26.299
KHC,KRAFT HEINZ,199169586,KHC,20260720,25.9,26.12,25.64,25.86,62076,21851,25.934
UTHR,UNITED THERAPEUTICS CORP,6746357,UTHR,20260717,529.29,543.56,528.39,535.67,5001,2621,537.056
UTHR,UNITED THERAPEUTICS CORP,6746357,UTHR,20260720,535.55,536.41,528.56,529.34,4196,2384,531.574
NI,NISOURCE INC,10260,NI,20260717,46.5,46.99,45.78,45.98,35634,18897,46.159
NI,NISOURCE INC,10260,NI,20260720,46.2,46.39,45.24,45.37,22413,12499,45.551
KEY,KEYCORP,8809,KEY,20260717,23.69,24.07,23.48,23.55,82266,27689,23.67
KEY,KEYCORP,8809,KEY,20260720,23.58,23.74,23.23,23.32,107865,33503,23.363
FIS,FIDELITY NATIONAL INFORMATION SERV,37866641,FIS,20260717,42.89,43.67,41.75,41.91,28352,16792,42.125
FIS,FIDELITY NATIONAL INFORMATION SERV,37866641,FIS,20260720,41.71,42.48,41.3,42.27,23100,13998,42.13
JBHT,JB HUNT TRANSPORT SERVICES INC,270825,JBHT,20260717,296.39,298.1,289.18,291.41,7348,5091,292.095
JBHT,JB HUNT TRANSPORT SERVICES INC,270825,JBHT,20260720,291.14,293.07,286.94,290.61,4979,3861,290.251
SOFI,SOFI TECHNOLOGIES INC,494162724,SOFI,20260717,16.84,17.57,16.47,17.28,819805,114293,17.168
SOFI,SOFI TECHNOLOGIES INC,494162724,SOFI,20260720,17.42,17.45,16.97,17.01,754272,77449,17.185
P,EVERPURE INC CLASS A,208813725,P,20260717,65.93,70.46,65.75,69.38,12766,8458,68.734
P,EVERPURE INC CLASS A,208813725,P,20260720,69.69,71.02,69.16,69.93,9156,5884,70.15
MKSI,MKS,4814955,MKSI,20260717,315.02,330.61,307.1,324.69,9659,6602,320.642
MKSI,MKS,4814955,MKSI,20260720,330.88,338.97,322.75,324.28,3834,2271,329.145
BURL,BURLINGTON STORES INC,135699190,BURL,20260717,354.08,361.21,343.65,345.31,9522,5657,347.742
BURL,BURLINGTON STORES INC,135699190,BURL,20260720,343.67,353.83,340.19,352.14,13523,6606,351.611
FSLR,FIRST SOLAR INC,41622169,FSLR,20260717,208.52,215.94,203.77,211.99,12384,7931,210.5
FSLR,FIRST SOLAR INC,41622169,FSLR,20260720,215.14,215.25,204.23,205.31,8425,6077,206.814
DOW,DOW INC,356576040,DOW,20260717,30.01,30.54,29.64,29.92,45445,24515,29.997
DOW,DOW INC,356576040,DOW,20260720,29.75,30.56,29.52,30.37,58313,30999,30.31
STE,STERIS,358060563,STE,20260717,219.44,222.54,216.97,217.84,2558,1875,218.562
STE,STERIS,358060563,STE,20260720,217.02,217.59,214.42,214.47,3128,2432,215.63
USFD,US FOODS HOLDING CORP,234662860,USFD,20260717,99.7,99.8,96.92,97.27,17503,10936,97.864
USFD,US FOODS HOLDING CORP,234662860,USFD,20260720,97.51,98.16,95.03,95.03,10370,7195,95.752
CTSH,COGNIZANT TECHNOLOGY SOLUTIONS COR,4728759,CTSH,20260717,44.7,45.49,43.63,44.77,60964,34930,44.558
CTSH,COGNIZANT TECHNOLOGY SOLUTIONS COR,4728759,CTSH,20260720,44.15,44.98,43.19,44.64,46326,28550,44.367
FTAI,FTAI AVIATION LTD,597016366,FTAI,20260717,199.67,210.33,198.44,207.46,20303,9781,206.105
FTAI,FTAI AVIATION LTD,597016366,FTAI,20260720,210.32,213.8,198.83,199.71,19796,9522,203.699
EFX,EQUIFAX INC,6735,EFX,20260717,179.51,182.34,175.66,177.08,5165,3853,177.41
EFX,EQUIFAX INC,6735,EFX,20260720,177.02,181.2,173.8,180.08,17571,13049,179.464
ENTG,ENTEGRIS INC,9653775,ENTG,20260717,127.79,139.97,126.79,138.74,21776,13347,135.29
ENTG,ENTEGRIS INC,9653775,ENTG,20260720,140.84,142.0,133.3,133.79,10065,6638,136.628
AFRM,AFFIRM HOLDINGS INC CLASS A,465119069,AFRM,20260717,76.98,78.0,74.75,76.07,25760,16802,76.39
AFRM,AFFIRM HOLDINGS INC CLASS A,465119069,AFRM,20260720,75.87,77.47,75.19,75.32,25974,13738,76.253
ULTA,ULTA BEAUTY INC,46970422,ULTA,20260717,480.14,492.94,475.52,479.57,9062,5211,481.96
ULTA,ULTA BEAUTY INC,46970422,ULTA,20260720,486.73,490.0,475.61,488.08,7295,4495,486.082
SNA,SNAP ON INC,12259,SNA,20260717,411.99,419.68,408.87,410.99,4587,2273,411.775
SNA,SNAP ON INC,12259,SNA,20260720,411.43,411.43,403.93,406.53,4550,2440,406.419
RBA,RB GLOBAL INC,630919726,RBA,20260717,112.87,112.87,110.74,111.65,4072,2989,111.482
RBA,RB GLOBAL INC,630919726,RBA,20260720,112.63,112.63,110.33,110.59,3382,2283,110.811
CPNG,COUPANG INC CLASS A,475686899,CPNG,20260717,16.64,16.9,16.41,16.62,122643,40651,16.673
CPNG,COUPANG INC CLASS A,475686899,CPNG,20260720,16.4,16.56,15.96,16.44,306543,99044,16.27
MTZ,MASTEC INC,2586246,MTZ,20260717,331.74,336.58,320.53,329.59,30576,16071,329.524
MTZ,MASTEC INC,2586246,MTZ,20260720,337.41,342.76,332.98,336.61,12234,6831,336.835
GIS,GENERAL MILLS INC,7616,GIS,20260717,39.2,39.56,37.83,37.97,56810,32488,38.471
GIS,GENERAL MILLS INC,7616,GIS,20260720,37.85,37.96,37.18,37.58,40094,23066,37.523
VTRS,VIATRIS INC,454859695,VTRS,20260717,17.34,17.67,17.23,17.29,64905,25993,17.389
VTRS,VIATRIS INC,454859695,VTRS,20260720,17.43,17.51,16.96,16.99,51989,23133,17.145
EL,ESTEE LAUDER INC CLASS A,1448477,EL,20260717,81.63,83.57,80.92,82.13,12624,7461,82.35
EL,ESTEE LAUDER INC CLASS A,1448477,EL,20260720,82.55,83.66,82.03,83.64,8197,5906,83.086
PKG,PACKAGING CORP OF AMERICA,7740411,PKG,20260717,232.78,237.72,229.95,233.07,2759,2171,232.877
PKG,PACKAGING CORP OF AMERICA,7740411,PKG,20260720,234.77,236.86,227.92,228.43,1856,1337,230.136
EXE,EXPAND ENERGY CORP,470458975,EXE,20260717,88.74,89.99,87.67,88.13,17808,11282,88.311
EXE,EXPAND ENERGY CORP,470458975,EXE,20260720,88.25,88.25,86.41,86.95,18249,11961,87.279
BRO,BROWN & BROWN INC,6607613,BRO,20260717,70.57,71.37,68.71,69.35,13633,8538,69.894
BRO,BROWN & BROWN INC,6607613,BRO,20260720,69.11,69.59,68.25,68.94,17042,9783,69.14
RS,RELIANCE STEEL & ALUMINUM,11735,RS,20260717,393.57,398.68,389.61,395.93,2858,1593,395.277
RS,RELIANCE STEEL & ALUMINUM,11735,RS,20260720,396.32,399.85,380.9,383.17,6667,3668,385.861
IFF,INTERNATIONAL FLAVORS & FRAGRANCES,8385,IFF,20260717,77.72,80.14,77.54,78.2,8932,5996,78.269
IFF,INTERNATIONAL FLAVORS & FRAGRANCES,8385,IFF,20260720,78.19,78.59,76.71,77.27,4430,3301,77.526
AMCR,AMCOR PLC,845305949,AMCR,20260717,45.0,45.05,43.26,43.94,36966,22502,44.083
AMCR,AMCOR PLC,845305949,AMCR,20260720,43.95,44.08,42.95,43.23,14675,9908,43.262
IP,INTERNATIONAL PAPER,8511,IP,20260717,38.24,38.82,37.11,37.56,22038,11693,37.758
IP,INTERNATIONAL PAPER,8511,IP,20260720,37.79,37.82,36.21,36.25,29587,17189,36.604
GH,GUARDANT HEALTH INC,335906876,GH,20260717,152.73,157.33,149.78,155.87,11766,7771,154.051
GH,GUARDANT HEALTH INC,335906876,GH,20260720,156.54,156.54,147.69,148.07,15013,10083,149.565
EVRG,EVERGY INC,320106069,EVRG,20260717,87.35,88.12,85.28,85.59,8751,6197,86.186
EVRG,EVERGY INC,320106069,EVRG,20260720,86.17,86.66,84.92,85.16,7173,4925,85.385
SBAC,SBA COMMUNICATIONS REIT CORP CLASS,262397910,SBAC,20260717,189.06,191.25,184.84,185.69,2725,1833,186.713
SBAC,SBA COMMUNICATIONS REIT CORP CLASS,262397910,SBAC,20260720,185.92,186.97,181.62,181.97,4061,2675,183.795
INCY,INCYTE CORP,4369855,INCY,20260717,116.27,119.6,116.27,117.25,11846,6329,117.743
INCY,INCYTE CORP,4369855,INCY,20260720,117.62,118.65,114.95,115.65,5539,4018,115.843
LNT,ALLIANT ENERGY CORP,5026984,LNT,20260717,77.14,77.15,74.63,74.82,9582,6205,75.54
LNT,ALLIANT ENERGY CORP,5026984,LNT,20260720,75.01,75.69,73.83,73.96,10267,7504,74.232
STRL,STERLING INFRASTRUCTURE INC,27778176,STRL,20260717,609.74,643.36,593.62,638.56,9545,5076,625.694
STRL,STERLING INFRASTRUCTURE INC,27778176,STRL,20260720,650.11,668.92,642.22,650.22,8311,4005,655.237
L,LOEWS CORP,9252,L,20260717,115.62,116.97,114.17,114.45,3373,2401,114.924
L,LOEWS CORP,9252,L,20260720,114.42,115.27,114.36,114.59,2573,1873,114.691
ESS,ESSEX PROPERTY TRUST REIT INC,6946,ESS,20260717,294.48,300.0,291.04,292.93,1571,1167,294.667
ESS,ESSEX PROPERTY TRUST REIT INC,6946,ESS,20260720,293.33,294.71,291.34,293.83,1417,999,293.481
FTV,FORTIVE CORP,236074120,FTV,20260717,62.0,63.06,61.59,61.78,12190,6829,62.011
FTV,FORTIVE CORP,236074120,FTV,20260720,61.7,61.7,60.89,60.99,7240,5276,61.109
SNX,TD SYNNEX CORP,26904835,SNX,20260717,239.48,244.23,236.29,242.62,3879,2549,242.37
SNX,TD SYNNEX CORP,26904835,SNX,20260720,243.11,247.04,238.02,238.54,2094,1406,239.725
CF,CF INDUSTRIES HOLDINGS INC,35447205,CF,20260717,119.96,123.0,119.52,121.42,16086,9800,121.332
CF,CF INDUSTRIES HOLDINGS INC,35447205,CF,20260720,121.1,125.37,120.77,123.57,14054,9071,123.946
BAM,BROOKFIELD ASSET MANAGEMENT VOTING,599900805,BAM,20260717,48.91,49.4,48.13,48.33,12228,8435,48.628
BAM,BROOKFIELD ASSET MANAGEMENT VOTING,599900805,BAM,20260720,48.33,48.42,47.18,47.37,10960,6526,47.541
ROKU,ROKU INC CLASS A,290651477,ROKU,20260717,143.07,144.71,143.07,144.43,18242,13825,144.257
ROKU,ROKU INC CLASS A,290651477,ROKU,20260720,144.89,145.75,143.97,144.13,11194,8420,144.72
DD,DUPONT DE NEMOURS INC,887235923,DD,20260717,132.77,135.8,132.34,135.29,5400,3826,134.918
DD,DUPONT DE NEMOURS INC,887235923,DD,20260720,135.89,138.46,134.91,135.75,6630,4265,136.721
EWBC,EAST WEST BANCORP INC,4730364,EWBC,20260717,134.83,135.65,133.49,134.52,2607,1909,134.319
EWBC,EAST WEST BANCORP INC,4730364,EWBC,20260720,134.7,135.13,133.25,133.92,5303,3212,134.066
STZ,CONSTELLATION BRANDS INC CLASS A,276066,STZ,20260717,137.71,138.34,132.56,132.87,8535,5341,134.419
STZ,CONSTELLATION BRANDS INC CLASS A,276066,STZ,20260720,133.24,134.6,132.26,134.36,8553,5413,133.717
RBC,RBC BEARINGS INC,35419704,RBC,20260717,572.21,584.49,565.01,575.22,2447,1432,579.027
RBC,RBC BEARINGS INC,35419704,RBC,20260720,579.39,583.98,565.6,568.9,2130,1354,570.981
GPN,GLOBAL PAYMENTS INC,11477774,GPN,20260717,79.85,81.96,77.74,77.82,15738,9974,79.062
GPN,GLOBAL PAYMENTS INC,11477774,GPN,20260720,80.9,83.03,78.87,82.37,25467,15041,81.509
MTSI,MACOM TECHNOLOGY SOLUTIONS INC,104158272,MTSI,20260717,263.58,277.19,255.01,267.36,8369,5769,268.451
MTSI,MACOM TECHNOLOGY SOLUTIONS INC,104158272,MTSI,20260720,271.68,280.87,268.78,269.8,4448,3165,275.015
MDLN,MEDLINE INC CLASS A,839162872,MDLN,20260717,40.95,41.27,39.63,39.79,25304,14297,40.182
MDLN,MEDLINE INC CLASS A,839162872,MDLN,20260720,39.99,40.2,38.67,38.88,56660,19696,39.145
INVH,INVITATION HOMES INC,264405214,INVH,20260717,30.57,30.73,29.84,30.12,17961,11645,30.202
INVH,INVITATION HOMES INC,264405214,INVH,20260720,30.12,30.21,29.81,30.08,11516,7438,30.025
ZBH,ZIMMER BIOMET HOLDINGS INC,12851783,ZBH,20260717,93.44,93.71,90.94,91.12,13773,10321,91.723
ZBH,ZIMMER BIOMET HOLDINGS INC,12851783,ZBH,20260720,91.31,91.55,88.76,89.72,10595,7914,89.919
WY,WEYERHAEUSER REIT,13949,WY,20260717,24.63,25.14,24.25,24.49,42617,20542,24.52
WY,WEYERHAEUSER REIT,13949,WY,20260720,24.46,24.55,23.78,23.96,25750,12729,24.027
LII,LENNOX INTERNATIONAL INC,6608113,LII,20260717,549.56,561.15,538.92,543.93,5427,2750,544.878
LII,LENNOX INTERNATIONAL INC,6608113,LII,20260720,545.36,545.36,530.6,533.58,5871,3281,535.269
KIM,KIMCO REALTY REIT CORP,8845,KIM,20260717,26.1,26.45,25.87,26.12,22962,12402,26.131
KIM,KIMCO REALTY REIT CORP,8845,KIM,20260720,26.13,26.26,25.94,26.03,22485,11627,26.052
GPC,GENUINE PARTS,7745,GPC,20260717,125.09,127.78,123.77,124.82,7279,4810,125.082
GPC,GENUINE PARTS,7745,GPC,20260720,124.83,124.99,121.48,122.4,11702,7691,122.599
LEN,LENNAR A CORP CLASS A,9091,LEN,20260717,86.42,88.17,83.52,83.89,9646,5790,84.81
LEN,LENNAR A CORP CLASS A,9091,LEN,20260720,84.7,84.7,82.15,82.9,15026,9416,82.725
AKAM,AKAMAI TECHNOLOGIES INC,6220356,AKAM,20260717,116.99,121.41,115.93,120.19,15357,10335,119.515
AKAM,AKAMAI TECHNOLOGIES INC,6220356,AKAM,20260720,120.43,125.05,119.5,123.13,28230,16294,122.987
LSCC,LATTICE SEMICONDUCTOR CORP,271320,LSCC,20260717,119.82,126.99,115.58,125.23,12552,8027,122.726
LSCC,LATTICE SEMICONDUCTOR CORP,271320,LSCC,20260720,127.63,128.65,124.79,125.56,4980,3570,126.396
BR,BROADRIDGE FINANCIAL SOLUTIONS INC,43523793,BR,20260717,153.42,155.13,149.61,149.91,4166,2876,151.076
BR,BROADRIDGE FINANCIAL SOLUTIONS INC,43523793,BR,20260720,149.0,151.0,146.92,150.02,3725,2050,149.899
ITT,ITT INC,233010383,ITT,20260717,191.49,195.84,189.8,192.51,5608,3542,193.52
ITT,ITT INC,233010383,ITT,20260720,193.18,195.45,189.89,191.23,6056,2560,191.274
FN,FABRINET,76615083,FN,20260717,450.9,479.69,440.02,478.39,18423,7431,466.014
FN,FABRINET,76615083,FN,20260720,493.81,506.95,490.18,494.26,16997,9463,497.903
NVR,NVR INC,755864,NVR,20260717,6699.8,6832.43,6480.24,6490.04,1878,1252,6554.429
NVR,NVR INC,755864,NVR,20260720,6510.01,6520.69,6370.0,6446.65,1600,1056,6422.378
FCNCA,FIRST CITIZENS BANCSHARES INC CLAS,269174,FCNCA,20260717,2137.17,2151.37,2107.11,2122.13,4219,2127,2130.816
FCNCA,FIRST CITIZENS BANCSHARES INC CLAS,269174,FCNCA,20260720,2109.99,2131.34,2065.96,2076.28,5943,3253,2080.444
CDW,CDW CORP,130432552,CDW,20260717,134.05,135.59,131.09,133.24,10993,6646,133.364
CDW,CDW CORP,130432552,CDW,20260720,132.47,133.55,127.69,130.01,10876,6488,130.47
VIK,VIKING HOLDINGS,700079602,VIK,20260717,95.92,97.71,95.26,97.04,12173,7734,96.899
VIK,VIKING HOLDINGS,700079602,VIK,20260720,97.71,98.44,96.44,96.9,5883,3687,97.158
TLN,TALEN ENERGY CORP,631538926,TLN,20260717,359.59,379.18,354.44,372.37,8392,3788,371.601
TLN,TALEN ENERGY CORP,631538926,TLN,20260720,377.64,380.87,359.78,360.32,9217,4869,365.008
ROIV,ROIVANT SCIENCES LTD,518304342,ROIV,20260717,33.82,34.84,33.55,34.51,17582,11579,34.554
ROIV,ROIVANT SCIENCES LTD,518304342,ROIV,20260720,34.73,35.09,33.96,34.05,17312,10999,34.328
PFGC,PERFORMANCE FOOD GROUP,208317027,PFGC,20260717,113.17,114.85,111.52,111.76,7686,4777,112.836
PFGC,PERFORMANCE FOOD GROUP,208317027,PFGC,20260720,112.3,112.66,109.04,109.32,10059,6089,109.563
BALL,BALL CORP,5052,BALL,20260717,63.39,64.12,62.23,62.71,8277,4927,62.82
BALL,BALL CORP,5052,BALL,20260720,62.81,62.81,62.03,62.25,8295,5005,62.267
WPC,W. P. CAREY REIT INC,113407826,WPC,20260717,75.75,76.55,75.06,75.86,6421,4368,75.687
WPC,W. P. CAREY REIT INC,113407826,WPC,20260720,75.83,76.26,75.0,75.17,5755,3918,75.415
IEX,IDEX CORP,8377,IEX,20260717,226.31,231.7,224.71,224.94,1975,1389,226.776
IEX,IDEX CORP,8377,IEX,20260720,226.3,226.32,220.03,221.24,2209,1703,221.614
THC,TENET HEALTHCARE CORP,114929760,THC,20260717,197.65,199.52,194.71,194.91,5164,4022,196.507
THC,TENET HEALTHCARE CORP,114929760,THC,20260720,196.09,198.13,193.58,194.38,3589,2536,195.069
NBIX,NEUROCRINE BIOSCIENCES INC,4815347,NBIX,20260717,169.77,172.57,169.26,170.88,3959,2836,170.675
NBIX,NEUROCRINE BIOSCIENCES INC,4815347,NBIX,20260720,172.37,174.59,171.7,173.0,5467,3695,173.457
BBY,BEST BUY INC,4817,BBY,20260717,85.9,87.1,84.51,85.41,13939,8780,85.473
BBY,BEST BUY INC,4817,BBY,20260720,85.71,85.85,84.12,85.13,12424,8111,84.973
FDXF,FEDEX FREIGHT HOLDING COMPANY INC,884688186,FDXF,20260717,152.49,158.27,150.46,152.26,7391,4422,153.761
FDXF,FEDEX FREIGHT HOLDING COMPANY INC,884688186,FDXF,20260720,152.0,154.58,148.41,150.14,4290,2761,151.49
HST,HOST HOTELS & RESORTS REIT INC,8057,HST,20260717,23.68,23.96,23.42,23.94,43033,18146,23.761
HST,HOST HOTELS & RESORTS REIT INC,8057,HST,20260720,23.95,24.16,23.89,24.06,27779,12194,24.033
NLY,ANNALY CAPITAL MANAGEMENT REIT INC,585013481,NLY,20260717,23.45,23.48,22.91,23.01,45505,14421,23.119
NLY,ANNALY CAPITAL MANAGEMENT REIT INC,585013481,NLY,20260720,23.15,23.16,22.58,22.7,46441,16321,22.787
OVV,OVINTIV INC,400651394,OVV,20260717,57.48,57.98,56.72,57.79,31019,16222,57.436
OVV,OVINTIV INC,400651394,OVV,20260720,57.39,58.68,56.99,57.77,24180,14846,58.189
WRB,WR BERKLEY CORP,266822,WRB,20260717,71.23,72.41,70.61,71.61,17195,8894,71.539
WRB,WR BERKLEY CORP,266822,WRB,20260720,71.87,72.79,71.41,72.73,10584,7866,72.434
WCC,WESCO INTERNATIONAL INC,6608665,WCC,20260717,318.8,331.33,314.12,327.86,11201,5115,327.054
WCC,WESCO INTERNATIONAL INC,6608665,WCC,20260720,331.48,332.3,318.36,319.05,8829,4397,321.913
RGLD,ROYAL GOLD INC,4817403,RGLD,20260717,189.33,192.38,188.56,189.17,8827,4475,190.146
RGLD,ROYAL GOLD INC,4817403,RGLD,20260720,188.85,189.55,186.32,187.36,7988,4095,187.698
RGA,REINSURANCE GROUP OF AMERICA INC,55998789,RGA,20260717,239.9,244.31,239.9,241.79,1364,1049,242.056
RGA,REINSURANCE GROUP OF AMERICA INC,55998789,RGA,20260720,240.2,245.0,240.13,240.88,998,766,241.482
TSCO,TRACTOR SUPPLY,6858322,TSCO,20260717,31.31,31.91,30.34,30.51,64023,29375,30.839
TSCO,TRACTOR SUPPLY,6858322,TSCO,20260720,30.67,30.8,30.13,30.3,46674,23992,30.318
PR,PERMIAN RESOURCES CORP CLASS A,583257697,PR,20260717,20.0,20.23,19.76,20.21,55149,19411,20.031
PR,PERMIAN RESOURCES CORP CLASS A,583257697,PR,20260720,20.23,20.65,20.09,20.28,68095,25977,20.438
BG,BUNGE GLOBAL SA,663174498,BG,20260717,117.33,119.67,117.17,119.15,3970,2753,118.616
BG,BUNGE GLOBAL SA,663174498,BG,20260720,119.5,121.12,117.95,120.49,5407,3464,120.2
SCCO,SOUTHERN COPPER CORP,1812968,SCCO,20260717,170.0,177.33,169.05,172.48,8799,6344,173.337
SCCO,SOUTHERN COPPER CORP,1812968,SCCO,20260720,174.01,177.79,173.68,175.07,4813,3397,175.512
MAS,MASCO CORP,9360,MAS,20260717,79.94,82.08,78.38,78.65,11319,8313,79.216
MAS,MASCO CORP,9360,MAS,20260720,78.63,79.0,77.24,77.49,6019,4380,77.719
TSN,TYSON FOODS INC CLASS A,275405,TSN,20260717,58.41,59.18,57.22,57.77,16289,10033,57.867
TSN,TYSON FOODS INC CLASS A,275405,TSN,20260720,57.58,58.28,57.5,58.0,11739,6603,58.043
TXT,TEXTRON INC,13101,TXT,20260717,90.34,93.1,90.33,91.48,8286,5831,91.879
TXT,TEXTRON INC,13101,TXT,20260720,91.93,93.14,90.2,90.79,12764,6791,92.002
CLH,CLEAN HARBORS INC,267700,CLH,20260717,310.74,311.99,307.17,310.58,7690,3909,309.364
CLH,CLEAN HARBORS INC,267700,CLH,20260720,312.42,314.88,309.59,310.22,6824,3479,311.13
DOC,HEALTHPEAK PROPERTIES INC,389700396,DOC,20260717,22.3,22.52,22.16,22.41,40745,15550,22.3423
DOC,HEALTHPEAK PROPERTIES INC,389700396,DOC,20260720,22.43,22.72,22.16,22.29,48805,18923,22.358
ZS,ZSCALER INC,310621426,ZS,20260717,145.5,153.3,145.39,149.94,12738,8537,149.787
ZS,ZSCALER INC,310621426,ZS,20260720,146.84,153.22,146.81,149.82,8504,5539,150.659
TEAM,ATLASSIAN CORP CLASS A,589316251,TEAM,20260717,90.13,94.35,90.01,93.29,18100,12035,92.836
TEAM,ATLASSIAN CORP CLASS A,589316251,TEAM,20260720,91.0,97.25,89.93,96.43,16406,10879,95.117
BWXT,BWX TECHNOLOGIES INC,196689572,BWXT,20260717,170.0,174.87,167.66,171.18,4410,2844,172.2
BWXT,BWX TECHNOLOGIES INC,196689572,BWXT,20260720,173.13,174.87,169.44,169.56,3360,2320,171.084
TRU,TRANSUNION,198051403,TRU,20260717,80.56,82.1,79.16,79.85,10107,7769,79.759
TRU,TRANSUNION,198051403,TRU,20260720,79.43,79.85,77.37,79.01,9268,6210,78.941
J,JACOBS SOLUTIONS INC,582332987,J,20260717,131.54,135.16,130.9,131.75,4978,3304,132.118
J,JACOBS SOLUTIONS INC,582332987,J,20260720,131.44,131.82,129.16,129.49,3003,2136,130.089
MAA,MID AMERICA APARTMENT COMMUNITIES,9317,MAA,20260717,135.47,136.5,131.79,132.96,3517,2649,133.638
MAA,MID AMERICA APARTMENT COMMUNITIES,9317,MAA,20260720,133.17,133.94,132.87,133.71,5174,3416,133.495
APG,API GROUP CORP,419583227,APG,20260717,40.3,40.74,39.91,40.12,7962,5523,40.356
APG,API GROUP CORP,419583227,APG,20260720,40.09,40.23,39.08,39.38,10998,7219,39.393
NXT,NEXTPOWER INC CLASS A,613058308,NXT,20260717,104.52,107.47,101.5,103.1,17160,12033,104.665
NXT,NEXTPOWER INC CLASS A,613058308,NXT,20260720,103.36,103.5,98.94,100.23,13915,8997,101.039
NDSN,NORDSON CORP,272314,NDSN,20260717,291.56,296.74,288.71,288.98,4572,2282,291.243
NDSN,NORDSON CORP,272314,NDSN,20260720,290.34,290.5,283.01,285.24,2869,1851,285.2
JLL,JONES LANG LASALLE INC,6608072,JLL,20260717,334.21,338.0,328.01,330.67,6574,3469,330.983
JLL,JONES LANG LASALLE INC,6608072,JLL,20260720,329.52,330.39,323.52,325.94,6495,3135,325.063
LYB,LYONDELLBASELL INDUSTRIES CLASS A,74866700,LYB,20260717,59.14,60.17,58.67,59.17,21582,12199,59.248
LYB,LYONDELLBASELL INDUSTRIES CLASS A,74866700,LYB,20260720,58.9,60.92,58.09,60.73,24525,13647,60.179
EG,EVEREST GROUP LTD,6477725,EG,20260717,375.26,385.69,375.26,382.57,6570,3777,381.22
EG,EVEREST GROUP LTD,6477725,EG,20260720,380.92,383.56,378.31,378.99,4119,2442,380.527
FLUT,FLUTTER ENTERTAINMENT PLC,680895249,FLUT,20260717,106.18,107.47,103.3,106.56,11433,7877,105.388
FLUT,FLUTTER ENTERTAINMENT PLC,680895249,FLUT,20260720,104.15,107.72,103.99,106.53,7323,5104,106.174
PTC,PTC INC,121507047,PTC,20260717,126.38,127.65,124.25,124.37,8328,4646,125.118
PTC,PTC INC,121507047,PTC,20260720,123.39,126.19,122.79,124.83,6628,3448,124.705
SUI,SUN COMMUNITIES REIT INC,12485,SUI,20260717,122.93,123.33,120.76,121.46,9680,4437,122.099
SUI,SUN COMMUNITIES REIT INC,12485,SUI,20260720,121.55,122.87,119.91,120.2,3825,2665,120.439
REG,REGENCY CENTERS REIT CORP,11574,REG,20260717,83.25,83.66,81.66,82.68,7964,4102,82.588
REG,REGENCY CENTERS REIT CORP,11574,REG,20260720,82.51,83.09,81.95,82.14,5718,3841,82.442
DECK,DECKERS OUTDOOR CORP,268376,DECK,20260717,107.39,110.3,105.96,106.49,7831,4999,107.323
DECK,DECKERS OUTDOOR CORP,268376,DECK,20260720,105.9,106.4,103.1,104.04,10566,6710,104.163
OHI,OMEGA HEALTHCARE INVESTORS REIT IN,10754,OHI,20260717,50.15,50.75,49.71,50.21,10152,7083,50.157
OHI,OMEGA HEALTHCARE INVESTORS REIT IN,10754,OHI,20260720,50.14,50.37,49.36,49.58,7456,4863,49.704
ARMK,ARAMARK,139816149,ARMK,20260717,56.87,57.12,56.34,56.74,12507,7737,56.757
ARMK,ARAMARK,139816149,ARMK,20260720,57.09,57.52,56.41,56.43,14208,8506,56.715
PNFP,PINNACLE FINANCIAL PARTNERS INC,841841359,PNFP,20260717,102.57,102.72,100.4,101.05,5244,3834,101.411
PNFP,PINNACLE FINANCIAL PARTNERS INC,841841359,PNFP,20260720,101.07,101.09,99.28,99.4,3941,3082,99.847
ASTS,AST SPACEMOBILE INC CLASS A,480745767,ASTS,20260717,54.86,61.67,54.4,57.8,208201,94864,58.3288
ASTS,AST SPACEMOBILE INC CLASS A,480745767,ASTS,20260720,58.11,59.46,56.12,57.42,95947,42559,57.6301
SGI,SOMNIGROUP INTERNATIONAL INC,27059190,SGI,20260717,74.21,75.74,72.32,72.73,7467,4857,73.254
SGI,SOMNIGROUP INTERNATIONAL INC,27059190,SGI,20260720,73.28,73.28,69.86,70.3,11865,7861,70.567
CDE,COEUR MINING INC,60532895,CDE,20260717,14.41,14.7,13.93,14.35,269637,63552,14.402
CDE,COEUR MINING INC,60532895,CDE,20260720,14.275,14.54,13.97,14.16,221330,44622,14.15507
DTM,DT MIDSTREAM INC,495876055,DTM,20260717,148.07,148.07,144.14,145.05,3842,1993,145.266
DTM,DT MIDSTREAM INC,495876055,DTM,20260720,145.93,146.8,143.77,143.81,3044,2198,144.903
JAZZ,JAZZ PHARMACEUTICALS PLC,100430853,JAZZ,20260717,241.61,249.5,238.08,247.53,2186,1521,246.85
JAZZ,JAZZ PHARMACEUTICALS PLC,100430853,JAZZ,20260720,247.53,249.86,243.34,243.47,2686,1793,245.766
RIVN,RIVIAN AUTOMOTIVE INC CLASS A,525768800,RIVN,20260717,16.66,17.5,16.49,17.45,224488,59557,17.174
RIVN,RIVIAN AUTOMOTIVE INC CLASS A,525768800,RIVN,20260720,17.52,17.99,17.06,17.24,117311,38379,17.409
GEN,GEN DIGITAL INC,390332324,GEN,20260717,26.66,27.28,26.63,26.74,20022,12641,26.816
GEN,GEN DIGITAL INC,390332324,GEN,20260720,26.62,26.92,26.27,26.68,21706,12415,26.697
HEI,HEICO CORP,754990,HEI,20260717,340.33,352.02,338.64,342.66,7197,4222,345.294
HEI,HEICO CORP,754990,HEI,20260720,344.37,348.36,338.9,340.44,4408,2348,341.507
GL,GLOBE LIFE INC,375868349,GL,20260717,184.58,191.55,184.42,184.76,2431,1534,185.036
GL,GLOBE LIFE INC,375868349,GL,20260720,185.77,186.15,183.35,184.25,1827,1448,184.4
SSNC,SS AND C TECHNOLOGIES HOLDINGS INC,73911494,SSNC,20260717,70.92,71.4,69.35,69.56,10445,6201,69.799
SSNC,SS AND C TECHNOLOGIES HOLDINGS INC,73911494,SSNC,20260720,69.48,70.12,68.73,69.51,14090,7835,69.588
ALB,ALBEMARLE CORP,4347,ALB,20260717,116.41,122.26,116.41,120.78,10634,7000,119.716
ALB,ALBEMARLE CORP,4347,ALB,20260720,121.0,121.5,116.86,118.2,9741,7147,118.099
TOL,TOLL BROTHERS INC,12915,TOL,20260717,157.13,157.51,150.45,150.76,3320,2350,152.275
TOL,TOLL BROTHERS INC,12915,TOL,20260720,152.26,152.45,146.62,146.94,2746,2167,147.435
NTNX,NUTANIX INC CLASS A,249850033,NTNX,20260717,55.32,56.29,54.43,55.08,10543,6827,55.421
NTNX,NUTANIX INC CLASS A,249850033,NTNX,20260720,54.59,55.48,53.9,55.11,10760,6827,55.028
RL,RALPH LAUREN CORP CLASS A,92306678,RL,20260717,386.15,388.13,378.85,380.45,7588,4441,382.311
RL,RALPH LAUREN CORP CLASS A,92306678,RL,20260720,383.49,387.54,374.55,376.48,4983,3040,378.071
UNM,UNUM,13277,UNM,20260717,89.5,90.41,88.63,89.05,3708,2820,89.25
UNM,UNUM,13277,UNM,20260720,89.03,89.59,88.64,88.85,3456,2685,88.924
SWK,STANLEY BLACK & DECKER INC,73354293,SWK,20260717,89.87,92.5,89.29,90.17,5008,3456,90.275
SWK,STANLEY BLACK & DECKER INC,73354293,SWK,20260720,90.49,90.49,87.34,87.5,9821,5713,87.973
EXEL,EXELIXIS INC,8088389,EXEL,20260717,54.99,56.1,54.7501,55.92,12196,6459,55.629
EXEL,EXELIXIS INC,8088389,EXEL,20260720,56.11,56.6899,55.5,55.53,10413,5605,56.13337
COO,COOPER INC,685217803,COO,20260717,73.24,73.95,71.45,71.71,7439,4872,72.206
COO,COOPER INC,685217803,COO,20260720,71.39,71.83,70.77,71.59,11484,6701,71.513
AIZ,ASSURANT INC,27727424,AIZ,20260717,275.79,281.61,275.79,276.84,1204,874,277.722
AIZ,ASSURANT INC,27727424,AIZ,20260720,276.84,278.75,275.17,275.47,1078,881,276.376
TOST,TOAST INC CLASS A,516097394,TOST,20260717,29.76,30.45,29.57,30.08,57941,30301,30.094
TOST,TOAST INC CLASS A,516097394,TOST,20260720,30.0,30.95,29.61,30.85,60358,32068,30.541
LAMR,LAMAR ADVERTISING COMPANY CLAS,174076715,LAMR,20260717,162.38,164.38,161.14,162.32,2180,1598,162.457
LAMR,LAMAR ADVERTISING COMPANY CLAS,174076715,LAMR,20260720,161.57,162.51,160.69,161.16,1985,1385,161.305
DKS,DICKS SPORTING INC,16310970,DKS,20260717,214.69,222.71,214.67,217.36,3840,2659,218.355
DKS,DICKS SPORTING INC,16310970,DKS,20260720,218.9,220.36,213.03,214.32,3184,2276,215.692
CSL,CARLISLE COMPANIES INC,6120,CSL,20260717,350.77,358.75,344.29,345.39,3740,2494,348.184
CSL,CARLISLE COMPANIES INC,6120,CSL,20260720,341.79,347.63,325.62,327.31,8251,4509,330.72
EQH,EQUITABLE HOLDINGS INC,398898580,EQH,20260717,48.43,49.78,48.08,48.99,12297,9199,49.236
EQH,EQUITABLE HOLDINGS INC,398898580,EQH,20260720,49.11,49.19,48.08,48.1,10952,8114,48.447
RRX,REGAL REXNORD CORP,756340,RRX,20260717,200.83,211.42,200.83,206.81,5647,3576,207.049
RRX,REGAL REXNORD CORP,756340,RRX,20260720,210.02,213.99,205.25,205.58,4756,2739,208.296
RKT,ROCKET COMPANIES INC CLASS A,438058842,RKT,20260717,14.68,14.95,14.46,14.54,305405,53114,14.646
RKT,ROCKET COMPANIES INC CLASS A,438058842,RKT,20260720,14.67,14.77,13.8,13.99,302072,62233,14.031
ONTO,ONTO INNOVATION INC,387597494,ONTO,20260717,265.0,285.94,257.82,279.85,8771,6200,274.167
ONTO,ONTO INNOVATION INC,387597494,ONTO,20260720,286.51,290.84,275.9,278.54,3439,2289,281.057
BBIO,BRIDGEBIO PHARMA INC,372849723,BBIO,20260717,79.1,82.56,78.98,81.38,6900,4871,81.423
BBIO,BRIDGEBIO PHARMA INC,372849723,BBIO,20260720,81.93,83.16,80.69,80.76,8188,5751,81.358
DINO,HF SINCLAIR CORP,550324178,DINO,20260717,87.25,88.74,86.78,88.59,12572,8063,87.872
DINO,HF SINCLAIR CORP,550324178,DINO,20260720,88.12,91.45,88.0,90.41,21060,11213,90.454
ROL,ROLLINS INC,11700,ROL,20260717,46.18,46.36,44.93,45.11,36647,22298,45.433
ROL,ROLLINS INC,11700,ROL,20260720,45.11,45.19,44.55,44.74,32187,17985,44.771
RNR,RENAISSANCERE HOLDING LTD,2008959,RNR,20260717,316.26,325.55,316.25,323.06,4836,2896,321.935
RNR,RENAISSANCERE HOLDING LTD,2008959,RNR,20260720,321.81,325.83,318.86,321.51,6126,3474,322.214
QXO,QXO INC,707875919,QXO,20260717,15.02,15.68,14.34,14.4,151192,50503,14.82
QXO,QXO INC,707875919,QXO,20260720,14.32,14.56,13.48,13.54,228083,65111,13.833
SMCI,SUPER MICRO COMPUTER INC,731466419,SMCI,20260717,24.32,25.17,23.38,24.18,254409,89172,24.313
SMCI,SUPER MICRO COMPUTER INC,731466419,SMCI,20260720,24.36,24.54,23.77,23.83,171371,64815,24.125
TTMI,TTM TECHNOLOGIES INC,10311716,TTMI,20260717,124.49,133.42,120.38,132.0,13611,8509,128.188
TTMI,TTM TECHNOLOGIES INC,10311716,TTMI,20260720,135.63,140.34,132.87,133.17,15219,7874,136.936
TYL,TYLER TECHNOLOGIES INC,13116,TYL,20260717,317.02,324.83,313.24,319.51,11136,6308,318.541
TYL,TYLER TECHNOLOGIES INC,13116,TYL,20260720,315.12,319.08,308.76,317.96,10203,5468,315.93
LECO,LINCOLN ELECTRIC HOLDINGS INC,4814179,LECO,20260717,255.93,258.28,251.76,252.74,4195,2064,254.891
LECO,LINCOLN ELECTRIC HOLDINGS INC,4814179,LECO,20260720,253.11,254.18,245.09,245.44,2892,1728,247.752
RPM,RPM INTERNATIONAL INC,273962,RPM,20260717,106.98,108.25,104.85,105.08,3657,2445,105.754
RPM,RPM INTERNATIONAL INC,273962,RPM,20260720,106.09,106.1,101.52,101.63,3683,2439,102.427
FNF,FIDELITY NATIONAL FINANCIAL INC,156178034,FNF,20260717,51.75,53.06,51.75,51.9,6349,4152,52.205
FNF,FIDELITY NATIONAL FINANCIAL INC,156178034,FNF,20260720,51.77,51.84,50.67,50.86,7074,5236,51.108
LDOS,LEIDOS HOLDINGS INC,134280621,LDOS,20260717,108.68,110.91,105.74,106.48,11042,6509,107.687
LDOS,LEIDOS HOLDINGS INC,134280621,LDOS,20260720,106.19,107.64,105.01,107.02,8775,5793,106.743
DT,DYNATRACE INC,376427905,DT,20260717,44.08,45.06,44.04,44.41,15804,11084,44.47
DT,DYNATRACE INC,376427905,DT,20260720,44.09,45.21,43.87,44.71,12053,8590,44.763
MKC,MCCORMICK & CO NON-VOTING INC,271556,MKC,20260717,53.54,54.1,51.45,51.7,25497,11517,52.224
MKC,MCCORMICK & CO NON-VOTING INC,271556,MKC,20260720,51.92,52.71,51.17,52.24,20672,11661,52.169
TXRH,TEXAS ROADHOUSE INC,31379441,TXRH,20260717,199.15,200.11,195.46,197.03,6613,4887,197.64
TXRH,TEXAS ROADHOUSE INC,31379441,TXRH,20260720,197.39,199.86,195.49,196.26,4612,3343,196.917
IOT,SAMSARA INC CLASS A,532274461,IOT,20260717,36.95,39.46,36.76,38.32,43108,22776,38.35
IOT,SAMSARA INC CLASS A,532274461,IOT,20260720,37.7,39.3,37.5,38.55,44792,19706,38.478
CCK,CROWN HOLDINGS INC,5513,CCK,20260717,117.64,118.5,115.95,117.21,4724,3558,116.895
CCK,CROWN HOLDINGS INC,5513,CCK,20260720,117.4,117.44,114.4,114.58,5906,4181,115.026
WSO,WATSCO INC,13904,WSO,20260717,382.25,387.14,368.11,371.91,4940,2988,375.431
WSO,WATSCO INC,13904,WSO,20260720,371.47,374.33,364.78,370.77,4103,2071,369.675
ASND,ASCENDIS PHARMA,875133894,ASND,20260717,259.5,267.5,259.2,261.0,3845,2588,263.408
ASND,ASCENDIS PHARMA,875133894,ASND,20260720,262.15,263.26,251.71,251.76,2801,1901,254.974
PNW,PINNACLE WEST CORP,11257,PNW,20260717,110.62,111.16,107.29,107.73,6054,4023,108.596
PNW,PINNACLE WEST CORP,11257,PNW,20260720,107.94,108.67,106.17,106.3,4249,2927,106.817
MLI,MUELLER INDUSTRIES INC,9680,MLI,20260717,58.38,59.32,57.75,59.13,7985,5368,58.951
MLI,MUELLER INDUSTRIES INC,9680,MLI,20260720,59.47,60.01,58.35,58.97,8670,5498,58.971
SN,SHARKNINJA INC,644855271,SN,20260717,153.38,156.87,152.72,154.53,11524,5545,154.959
SN,SHARKNINJA INC,644855271,SN,20260720,156.19,156.37,150.83,152.83,6023,3670,152.49
UDR,UDR REIT INC,43274444,UDR,20260717,40.66,40.82,39.44,39.76,19720,11366,39.879
UDR,UDR REIT INC,43274444,UDR,20260720,39.76,39.96,39.53,39.74,14869,9847,39.72
ZBRA,ZEBRA TECHNOLOGIES CORP CLASS A,276304,ZBRA,20260717,259.71,269.4,258.44,267.4,3154,2265,265.775
ZBRA,ZEBRA TECHNOLOGIES CORP CLASS A,276304,ZBRA,20260720,267.81,267.96,260.29,264.69,2466,1590,264.718
BWA,BORGWARNER INC,5336,BWA,20260717,61.65,63.13,60.07,62.44,16613,11507,62.347
BWA,BORGWARNER INC,5336,BWA,20260720,62.85,63.14,61.52,61.62,8521,6231,61.971
IONQ,IONQ INC,517593749,IONQ,20260717,34.99,35.91,33.29,34.78,151287,84417,34.606
IONQ,IONQ INC,517593749,IONQ,20260720,35.05,36.3,34.21,34.24,107073,58957,34.943
GWRE,GUIDEWIRE SOFTWARE INC,100825898,GWRE,20260717,149.64,152.19,146.3,150.02,8386,5688,149.673
GWRE,GUIDEWIRE SOFTWARE INC,100825898,GWRE,20260720,147.42,151.12,144.42,149.19,5140,3696,148.109
ALLY,ALLY FINANCIAL INC,148233980,ALLY,20260717,46.19,46.78,45.35,45.64,14487,10312,45.711
ALLY,ALLY FINANCIAL INC,148233980,ALLY,20260720,45.77,45.89,45.24,45.52,19606,11500,45.586
ELAN,ELANCO ANIMAL HEALTH INC,333848211,ELAN,20260717,25.26,26.37,25.26,25.83,19227,12366,25.845
ELAN,ELANCO ANIMAL HEALTH INC,333848211,ELAN,20260720,25.91,26.21,25.11,25.14,22553,13123,25.473
ECHO,ECHOSTAR CORP CLASS A,47965865,ECHO,20260717,90.83,93.43,89.15,92.0,36713,21502,91.888
ECHO,ECHOSTAR CORP CLASS A,47965865,ECHO,20260720,91.7,92.73,89.37,90.33,32170,14532,90.139
ELS,EQUITY LIFESTYLE PROPERTIES REIT I,9584,ELS,20260717,66.48,66.98,65.58,65.75,7179,4040,66.12
ELS,EQUITY LIFESTYLE PROPERTIES REIT I,9584,ELS,20260720,65.65,66.08,64.88,65.26,4718,3364,65.249
AVY,AVERY DENNISON CORP,4694,AVY,20260717,163.37,165.67,159.73,160.41,3359,2201,162.231
AVY,AVERY DENNISON CORP,4694,AVY,20260720,162.52,162.52,157.28,158.36,2365,1659,158.565
AGNC,AGNC INVESTMENT REIT CORP,249963585,AGNC,20260717,11.35,11.4,11.16,11.22,188470,25379,11.246
AGNC,AGNC INVESTMENT REIT CORP,249963585,AGNC,20260720,11.28,11.29,10.9,10.92,195743,29496,11.027
LVS,LAS VEGAS SANDS CORP,32602412,LVS,20260717,45.59,45.7,45.02,45.36,18317,11366,45.334
LVS,LAS VEGAS SANDS CORP,32602412,LVS,20260720,45.44,45.93,44.86,45.81,23861,16481,45.695
GNRC,GENERAC HOLDINGS INC,72529783,GNRC,20260717,209.26,219.1,206.3,214.91,4658,3216,213.562
GNRC,GENERAC HOLDINGS INC,72529783,GNRC,20260720,218.02,218.7,212.1,213.25,2029,1513,214.06
APA,APA CORP,474515500,APA,20260717,35.23,35.44,34.38,35.22,25184,14916,34.967
APA,APA CORP,474515500,APA,20260720,34.67,35.35,34.41,34.84,27840,17294,34.966
EVR,EVERCORE INC CLASS A,40358992,EVR,20260717,346.12,347.71,337.1,341.54,4834,2811,342.001
EVR,EVERCORE INC CLASS A,40358992,EVR,20260720,342.73,343.34,332.83,333.53,5393,3085,335.585
GDDY,GODADDY INC CLASS A,188986978,GDDY,20260717,95.16,97.0,92.56,94.35,12412,7282,94.781
GDDY,GODADDY INC CLASS A,188986978,GDDY,20260720,92.51,96.13,92.26,94.84,6336,4411,94.775
GGG,GRACO INC,7563,GGG,20260717,75.55,76.42,74.24,74.3,6262,4187,74.892
GGG,GRACO INC,7563,GGG,20260720,74.4,74.49,73.28,73.63,6359,4606,73.593
AIT,APPLIED INDUSTRIAL TECHNOLOGIES IN,4313,AIT,20260717,325.75,336.8,325.75,336.41,6671,3012,332.811
AIT,APPLIED INDUSTRIAL TECHNOLOGIES IN,4313,AIT,20260720,339.15,339.65,333.45,335.94,3631,2235,336.447
SITM,SITIME CORP,392585451,SITM,20260717,540.25,571.21,520.02,554.97,7520,3108,546.083
SITM,SITIME CORP,392585451,SITM,20260720,563.33,575.0,553.02,555.15,6285,3022,563.568
GLPI,GAMING AND LEISURE PROPERTIES REIT,136254442,GLPI,20260717,45.42,45.76,44.62,45.08,11938,8676,44.987
GLPI,GAMING AND LEISURE PROPERTIES REIT,136254442,GLPI,20260720,45.09,45.16,44.59,44.66,8367,5241,44.801
RVTY,REVVITY INC,6737,RVTY,20260717,110.59,111.76,108.94,110.15,6284,3950,110.423
RVTY,REVVITY INC,6737,RVTY,20260720,109.48,109.78,106.21,106.44,6429,4361,107.008
WBS,WEBSTER FINANCIAL CORP,275948,WBS,20260717,75.88,76.01,75.51,76.01,21676,13773,75.805
WBS,WEBSTER FINANCIAL CORP,275948,WBS,20260720,75.98,76.04,75.34,75.35,15326,7866,75.616
RBRK,RUBRIK INC CLASS A,699030013,RBRK,20260717,77.46,80.1,76.75,78.97,10877,7148,78.532
RBRK,RUBRIK INC CLASS A,699030013,RBRK,20260720,78.22,80.12,77.9,78.18,6264,4339,78.856
TRMB,TRIMBLE INC,275294,TRMB,20260717,53.57,54.28,52.66,52.72,14693,8182,53.366
TRMB,TRIMBLE INC,275294,TRMB,20260720,52.5,53.64,51.25,53.21,13379,7352,52.944
FHN,FIRST HORIZON CORP,269555,FHN,20260717,25.21,26.13,25.08,25.8,85688,43604,25.836
FHN,FIRST HORIZON CORP,269555,FHN,20260720,25.8,25.9,25.35,25.47,35702,17802,25.487
APTV,APTIV PLC,748351585,APTV,20260717,58.33,59.28,57.31,57.47,10634,6823,58.118
APTV,APTIV PLC,748351585,APTV,20260720,57.62,58.07,56.51,57.31,11260,6811,57.408
CG,CARLYLE GROUP INC,397999651,CG,20260717,45.88,47.0,45.54,46.07,10499,6591,46.069
CG,CARLYLE GROUP INC,397999651,CG,20260720,46.07,46.07,44.52,44.74,11254,6829,44.917
DY,DYCOM INDUSTRIES INC,6630,DY,20260717,404.12,417.98,395.01,407.11,7179,3965,408.227
DY,DYCOM INDUSTRIES INC,6630,DY,20260720,412.52,419.74,407.96,410.18,4949,2929,412.236
SOLV,SOLVENTUM CORP,691984360,SOLV,20260717,81.26,83.34,80.63,81.31,5516,3411,81.508
SOLV,SOLVENTUM CORP,691984360,SOLV,20260720,80.58,81.23,79.11,79.25,4546,3357,79.764
BJ,BJS WHOLESALE CLUB HOLDINGS INC,323612220,BJ,20260717,92.13,95.91,92.12,93.4,9109,5594,93.375
BJ,BJS WHOLESALE CLUB HOLDINGS INC,323612220,BJ,20260720,93.51,94.92,92.84,93.91,5976,4054,94.24
PEN,PENUMBRA INC,206663857,PEN,20260717,318.82,319.94,318.06,318.32,8879,4664,318.564
PEN,PENUMBRA INC,206663857,PEN,20260720,318.44,318.75,317.63,318.01,7778,4873,318.334
CSGP,COSTAR GROUP INC,6726677,CSGP,20260717,30.64,31.01,29.59,29.78,35196,20617,30.007
CSGP,COSTAR GROUP INC,6726677,CSGP,20260720,29.52,29.9,28.85,29.68,37671,20766,29.599
DKNG,DRAFTKINGS INC CLASS A,560105364,DKNG,20260717,24.34,25.02,24.06,24.94,75518,40134,24.616
DKNG,DRAFTKINGS INC CLASS A,560105364,DKNG,20260720,24.73,25.06,24.25,24.32,83964,40251,24.542
MEDP,MEDPACE HOLDINGS INC,243508636,MEDP,20260717,529.99,540.86,527.0,537.73,2663,1639,536.427
MEDP,MEDPACE HOLDINGS INC,243508636,MEDP,20260720,537.35,539.8,526.93,527.93,3457,2287,532.189
KNX,KNIGHT-SWIFT TRANSPORTATION HOLDIN,288039996,KNX,20260717,76.19,77.61,75.64,76.68,22871,12187,76.428
KNX,KNIGHT-SWIFT TRANSPORTATION HOLDIN,288039996,KNX,20260720,76.18,76.65,75.33,75.65,17252,9759,75.816
MOD,MODINE MANUFACTURING,271952,MOD,20260717,216.06,233.24,211.01,229.34,5961,3631,225.574
MOD,MODINE MANUFACTURING,271952,MOD,20260720,232.37,239.38,226.56,227.88,3531,2474,229.739
ALGN,ALIGN TECHNOLOGY INC,11459264,ALGN,20260717,176.3,181.17,174.93,176.76,4309,2815,176.627
ALGN,ALIGN TECHNOLOGY INC,11459264,ALGN,20260720,177.08,177.99,174.05,175.05,3531,2395,175.713
TW,TRADEWEB MARKETS INC CLASS A,359693017,TW,20260717,100.48,102.49,99.26,99.9,5844,3960,99.93
TW,TRADEWEB MARKETS INC CLASS A,359693017,TW,20260720,100.42,101.63,99.01,100.52,6403,3483,100.632
ALLE,ALLEGION PLC,138438437,ALLE,20260717,139.05,141.73,136.48,137.24,9614,5871,138.577
ALLE,ALLEGION PLC,138438437,ALLE,20260720,137.61,139.13,134.63,138.13,6129,3749,137.39
NYT,NEW YORK TIMES CLASS A,755883,NYT,20260717,75.81,77.22,75.05,75.93,5688,3984,75.564
NYT,NEW YORK TIMES CLASS A,755883,NYT,20260720,75.91,76.73,75.25,75.29,6311,4235,76.06
EGP,EASTGROUP PROPERTIES REIT INC,6747,EGP,20260717,221.43,226.71,217.19,222.2,1647,1150,222.883
EGP,EASTGROUP PROPERTIES REIT INC,6747,EGP,20260720,221.77,223.61,220.0,221.2,1349,1032,221.257
AMH,AMERICAN HOMES RENT REIT CLASS A,132221970,AMH,20260717,34.57,34.66,33.86,34.07,21424,11426,34.137
AMH,AMERICAN HOMES RENT REIT CLASS A,132221970,AMH,20260720,34.0,34.09,33.61,33.7,11271,8119,33.779
BAX,BAXTER INTERNATIONAL INC,8111188,BAX,20260717,23.16,23.71,22.59,22.61,35022,20335,22.91
BAX,BAXTER INTERNATIONAL INC,8111188,BAX,20260720,22.46,22.52,21.94,22.07,32960,18375,22.172
LULU,LULULEMON ATHLETICA INC,45157951,LULU,20260717,118.01,119.05,115.66,116.33,13665,9143,117.135
LULU,LULULEMON ATHLETICA INC,45157951,LULU,20260720,116.64,117.81,115.0,116.67,14120,6874,116.721
CLX,CLOROX,5794,CLX,20260717,100.0,100.46,95.83,96.32,12098,7569,97.53
CLX,CLOROX,5794,CLX,20260720,97.0,97.5,94.86,96.29,10461,6984,95.786
PODD,INSULET CORP,44061838,PODD,20260717,162.25,165.54,159.0,164.06,7213,4600,163.468
PODD,INSULET CORP,44061838,PODD,20260720,164.13,168.25,161.9,167.37,9680,5638,166.076
SMTC,SEMTECH CORP,3655896,SMTC,20260717,120.77,127.81,114.45,124.96,22627,15077,122.24
SMTC,SEMTECH CORP,3655896,SMTC,20260720,127.79,131.94,125.4,125.88,6636,4753,128.118
SJM,JM SMUCKER,15130038,SJM,20260717,115.95,117.55,111.51,112.01,5378,3672,113.643
SJM,JM SMUCKER,15130038,SJM,20260720,111.99,113.35,111.62,112.5,4375,3284,112.391
SF,STIFEL FINANCIAL CORP,12008,SF,20260717,77.67,78.6,76.52,77.16,6061,4577,77.522
SF,STIFEL FINANCIAL CORP,12008,SF,20260720,77.75,77.77,76.82,77.47,4146,2810,77.192
MOH,MOLINA HEALTHCARE INC,19012089,MOH,20260717,223.61,226.66,219.6,225.37,5507,3852,223.243
MOH,MOLINA HEALTHCARE INC,19012089,MOH,20260720,225.99,232.42,224.03,229.71,3939,2729,229.214
SAIA,SAIA INC,40078069,SAIA,20260717,438.14,439.99,428.92,436.85,7152,3869,434.206
SAIA,SAIA INC,40078069,SAIA,20260720,434.97,434.97,426.42,428.02,3740,2408,429.69
TECH,BIO TECHNE CORP,172729810,TECH,20260717,71.68,72.12,71.51,72.12,20828,10907,71.789
TECH,BIO TECHNE CORP,172729810,TECH,20260720,72.0,72.0,71.58,71.64,14239,8352,71.676
AA,ALCOA CORP,251962528,AA,20260717,46.53,46.85,43.75,43.98,73722,39413,44.834
AA,ALCOA CORP,251962528,AA,20260720,44.37,45.35,42.74,43.48,49533,24885,43.528
HAS,HASBRO INC,754956,HAS,20260717,82.12,82.12,80.49,81.55,7599,5606,81.18
HAS,HASBRO INC,754956,HAS,20260720,82.75,83.4,81.0,81.59,36551,22170,81.998
OC,OWENS CORNING,41289692,OC,20260717,141.3,145.22,141.3,143.12,5278,3954,143.125
OC,OWENS CORNING,41289692,OC,20260720,143.47,143.47,139.85,140.52,4409,3719,141.007
TKO,TKO GROUP HOLDINGS INC CLASS A,652841542,TKO,20260717,183.84,187.57,183.35,185.13,6108,3810,184.914
TKO,TKO GROUP HOLDINGS INC CLASS A,652841542,TKO,20260720,184.33,186.24,181.93,182.79,2773,2230,183.484
HUBS,HUBSPOT INC,169544810,HUBS,20260717,221.95,227.01,218.64,224.26,16826,8878,223.073
HUBS,HUBSPOT INC,169544810,HUBS,20260720,215.68,233.13,213.69,231.21,35494,17359,227.957
FOXA,FOX CORP CLASS A,356858008,FOXA,20260717,57.41,57.67,56.33,57.62,40315,24817,57.145
FOXA,FOX CORP CLASS A,356858008,FOXA,20260720,57.6,58.93,56.91,57.48,31275,19225,57.885
PINS,PINTEREST INC CLASS A,360975915,PINS,20260717,22.71,23.24,22.18,23.2,64315,32521,22.713
PINS,PINTEREST INC CLASS A,360975915,PINS,20260720,23.18,23.47,22.78,22.81,59207,27826,23.09
WTRG,ESSENTIAL UTILITIES INC,401501770,WTRG,20260717,40.0,40.57,39.45,39.69,13445,9527,39.804
WTRG,ESSENTIAL UTILITIES INC,401501770,WTRG,20260720,39.55,39.97,39.01,39.39,9270,6211,39.359
BMRN,BIOMARIN PHARMACEUTICAL INC,6857447,BMRN,20260717,59.59,60.64,59.39,59.59,6122,4873,59.726
BMRN,BIOMARIN PHARMACEUTICAL INC,6857447,BMRN,20260720,59.59,59.93,59.0,59.11,4928,3619,59.405
JKHY,JACK HENRY AND ASSOCIATES INC,270869,JKHY,20260717,153.21,155.77,149.6,151.67,5149,3458,151.677
JKHY,JACK HENRY AND ASSOCIATES INC,270869,JKHY,20260720,151.67,153.94,148.43,153.16,7371,5094,152.363
BPOP,POPULAR INC,108164616,BPOP,20260717,172.2,174.56,170.32,171.75,2261,1483,171.555
BPOP,POPULAR INC,108164616,BPOP,20260720,172.37,172.93,170.39,172.12,1619,1161,171.864
CPT,CAMDEN PROPERTY TRUST REIT,6004,CPT,20260717,115.0,115.64,111.94,112.97,4092,3135,113.15
CPT,CAMDEN PROPERTY TRUST REIT,6004,CPT,20260720,113.21,113.82,112.49,112.86,3048,2061,112.978
FIVE,FIVE BELOW INC,110650558,FIVE,20260717,195.51,203.96,193.93,202.63,6286,4368,202.311
FIVE,FIVE BELOW INC,110650558,FIVE,20260720,210.78,211.26,203.18,204.14,6696,4083,205.322
EHC,ENCOMPASS HEALTH CORP,295400714,EHC,20260717,112.66,114.44,111.38,112.21,6850,4704,112.348
EHC,ENCOMPASS HEALTH CORP,295400714,EHC,20260720,112.21,112.97,111.35,112.5,3997,2612,112.353
CRL,CHARLES RIVER LABORATORIES INTERNA,2730877,CRL,20260717,224.94,228.53,222.67,224.35,3299,2404,224.855
CRL,CHARLES RIVER LABORATORIES INTERNA,2730877,CRL,20260720,220.04,221.63,216.34,219.7,5563,3378,219.646
BXP,BXP INC,5021340,BXP,20260717,70.35,71.41,69.38,69.85,5271,3613,70.074
BXP,BXP INC,5021340,BXP,20260720,69.87,69.87,67.63,67.9,5950,4555,68.236
WTFC,WINTRUST FINANCIAL CORP,6761567,WTFC,20260717,165.42,166.03,163.87,164.3,6556,3626,164.903
WTFC,WINTRUST FINANCIAL CORP,6761567,WTFC,20260720,164.65,165.55,162.29,163.66,4395,3180,163.487
AHR,AMERICAN HEALTHCARE REIT INC,682161364,AHR,20260717,56.98,57.74,56.74,57.16,10120,6697,57.183
AHR,AMERICAN HEALTHCARE REIT INC,682161364,AHR,20260720,57.1,57.56,56.44,56.66,10002,6608,56.904
RMBS,RAMBUS INC,4031477,RMBS,20260717,95.16,105.28,92.86,101.44,22946,14639,100.601
RMBS,RAMBUS INC,4031477,RMBS,20260720,104.07,106.28,100.59,100.85,7758,5296,103.016
IREN,IREN LTD,526906130,IREN,20260717,33.795,34.92,32.22,33.62,304033,132792,33.64943
IREN,IREN LTD,526906130,IREN,20260720,36.392,41.095,36.31,40.2,607647,267270,39.4992
FRT,FEDERAL REALTY INVESTMENT TRUST RE,535271307,FRT,20260717,125.53,126.86,124.82,126.02,9106,4285,125.838
FRT,FEDERAL REALTY INVESTMENT TRUST RE,535271307,FRT,20260720,126.35,126.51,125.42,125.59,4377,2971,125.823
CRCL,CIRCLE INTERNET GROUP INC CLASS A,789044667,CRCL,20260717,59.18,62.4,58.68,60.46,51277,24735,60.461
CRCL,CIRCLE INTERNET GROUP INC CLASS A,789044667,CRCL,20260720,60.95,66.98,60.87,65.45,77820,39833,64.612
AEIS,ADVANCED ENERGY INDUSTRIES INC,4725946,AEIS,20260717,275.0,287.64,264.81,284.05,8861,4554,280.314
AEIS,ADVANCED ENERGY INDUSTRIES INC,4725946,AEIS,20260720,288.3,293.36,278.02,280.67,6359,3763,282.994
CGNX,COGNEX CORP,267547,CGNX,20260717,61.93,64.67,60.73,64.07,6316,3728,63.266
CGNX,COGNEX CORP,267547,CGNX,20260720,64.76,64.8,62.73,63.08,7212,3725,63.499
MUSA,MURPHY USA INC,132717465,MUSA,20260717,609.91,622.25,605.51,618.57,2717,1517,617.463
MUSA,MURPHY USA INC,132717465,MUSA,20260720,623.22,631.75,618.37,622.78,2342,1389,623.245
CR,CRANE,621500411,CR,20260717,215.72,221.61,214.5,217.49,2595,1515,218.019
CR,CRANE,621500411,CR,20260720,221.23,222.9,216.01,217.54,2336,1378,218.921
ZION,ZIONS BANCORPORATION,276329,ZION,20260717,72.98,73.18,71.63,72.27,9404,6590,72.297
ZION,ZIONS BANCORPORATION,276329,ZION,20260720,72.4,72.52,71.26,71.89,14481,9092,71.732
IVZ,INVESCO LTD,47550606,IVZ,20260717,29.75,29.92,29.31,29.63,38609,22903,29.574
IVZ,INVESCO LTD,47550606,IVZ,20260720,29.76,30.15,29.52,29.66,24472,16781,29.773
DCI,DONALDSON INC,6353,DCI,20260717,90.21,91.93,90.09,90.4,3427,2376,90.702
DCI,DONALDSON INC,6353,DCI,20260720,90.72,91.03,89.26,89.64,7963,4325,90.36
SCI,SERVICE,12399,SCI,20260717,80.62,81.01,78.58,78.72,5193,3907,79.365
SCI,SERVICE,12399,SCI,20260720,78.42,78.86,77.46,78.0,4047,3000,77.837
HII,HUNTINGTON INGALLS INDUSTRIES INC,86033355,HII,20260717,273.78,277.2,268.25,269.13,8113,4213,271.026
HII,HUNTINGTON INGALLS INDUSTRIES INC,86033355,HII,20260720,270.81,273.52,269.22,270.04,3849,2191,271.189
NWSA,NEWS CORP CLASS A,129348126,NWSA,20260717,28.76,28.98,28.32,28.43,13924,9627,28.49
NWSA,NEWS CORP CLASS A,129348126,NWSA,20260720,28.4,28.66,28.26,28.29,13047,8250,28.427
ARW,ARROW ELECTRONICS INC,4568,ARW,20260717,200.33,208.5,198.42,206.61,1622,1208,205.704
ARW,ARROW ELECTRONICS INC,4568,ARW,20260720,209.09,209.99,204.14,205.61,1323,1065,206.29
AES,AES CORP,2560358,AES,20260717,14.8,14.82,14.77,14.77,53155,14581,14.795
AES,AES CORP,2560358,AES,20260720,14.8,14.83,14.77,14.8,38308,8377,14.798
WMS,ADVANCED DRAINAGE SYSTEMS INC,161687802,WMS,20260717,149.42,152.96,147.18,147.55,2122,1724,148.681
WMS,ADVANCED DRAINAGE SYSTEMS INC,161687802,WMS,20260720,147.87,148.76,142.38,143.04,1749,1397,143.841
U,UNITY SOFTWARE INC,445423543,U,20260717,29.02,29.69,28.62,28.99,40591,20841,29.046
U,UNITY SOFTWARE INC,445423543,U,20260720,28.87,30.65,28.79,29.81,45620,24664,30.164
AYI,ACUITY INC,13838371,AYI,20260717,332.07,340.12,328.68,333.72,2825,1614,334.427
AYI,ACUITY INC,13838371,AYI,20260720,335.21,337.67,325.77,326.83,3307,1795,330.078
COKE,COCA COLA CONSOLIDATED INC,267892,COKE,20260717,183.85,184.78,179.12,180.74,1425,1032,181.577
COKE,COCA COLA CONSOLIDATED INC,267892,COKE,20260720,180.48,184.4,180.01,181.97,1492,1218,182.38
SPXC,SPX TECHNOLOGIES INC,578351119,SPXC,20260717,210.74,217.1,207.06,211.73,2670,2091,214.001
SPXC,SPX TECHNOLOGIES INC,578351119,SPXC,20260720,213.39,218.46,211.69,212.86,3182,2125,214.527
GFL,GFL ENVIRONMENTAL SUBORDINATE VOTI,406766975,GFL,20260717,39.68,40.07,39.09,39.56,18462,10044,39.453
GFL,GFL ENVIRONMENTAL SUBORDINATE VOTI,406766975,GFL,20260720,39.55,39.55,39.03,39.13,7097,4816,39.252
CHTR,CHARTER COMMUNICATIONS INC CLASS A,233674866,CHTR,20260717,133.55,136.98,131.22,131.37,8194,4990,132.987
CHTR,CHARTER COMMUNICATIONS INC CLASS A,233674866,CHTR,20260720,130.31,132.02,128.3,129.16,10640,7127,129.914
DOCU,DOCUSIGN INC,316073742,DOCU,20260717,52.89,54.5,52.16,52.74,18682,10870,52.963
DOCU,DOCUSIGN INC,316073742,DOCU,20260720,52.25,53.43,51.25,52.3,18745,10490,52.507
R,RYDER SYSTEM INC,11478,R,20260717,270.51,275.51,268.84,271.82,1028,847,272.318
R,RYDER SYSTEM INC,11478,R,20260720,271.99,272.32,267.45,267.69,958,803,269.394
SEIC,SEI INVESTMENTS,274224,SEIC,20260717,99.93,100.79,98.61,99.25,4489,3255,99.462
SEIC,SEI INVESTMENTS,274224,SEIC,20260720,99.29,99.61,98.23,99.37,4459,2844,98.995
CACI,CACI INTERNATIONAL INC CLASS A,267197,CACI,20260717,465.69,476.31,458.83,461.56,2283,1276,464.308
CACI,CACI INTERNATIONAL INC CLASS A,267197,CACI,20260720,461.38,461.86,450.06,451.33,1618,914,455.549
BRX,BRIXMOR PROPERTY GROUP REIT INC,137494497,BRX,20260717,32.56,32.78,32.2,32.57,7279,5515,32.468
BRX,BRIXMOR PROPERTY GROUP REIT INC,137494497,BRX,20260720,32.55,32.72,32.28,32.43,8743,5390,32.412
VMI,VALMONT INDS INC,275665,VMI,20260717,548.87,548.87,521.59,531.66,3442,1591,530.304
VMI,VALMONT INDS INC,275665,VMI,20260720,538.8,543.87,524.46,525.88,2481,1486,530.306
ARWR,ARROWHEAD PHARMACEUTICALS INC,228571236,ARWR,20260717,70.92,74.8,70.01,74.3,14971,8437,73.81657
ARWR,ARROWHEAD PHARMACEUTICALS INC,228571236,ARWR,20260720,74.35,75.06,71.0,71.65,12131,6881,72.53432
DAR,DARLING INGREDIENTS INC,6604385,DAR,20260717,62.13,63.49,61.78,63.1,13991,9299,62.979
DAR,DARLING INGREDIENTS INC,6604385,DAR,20260720,63.15,64.04,62.95,63.5,8025,5489,63.657
OGE,OGE ENERGY CORP,2586038,OGE,20260717,50.03,50.26,48.56,48.7,4596,3270,49.019
OGE,OGE ENERGY CORP,2586038,OGE,20260720,48.86,49.38,48.42,48.56,7141,4018,48.74
SANM,SANMINA CORP,117032813,SANM,20260717,191.83,202.63,187.5,197.24,3054,1841,198.214
SANM,SANMINA CORP,117032813,SANM,20260720,200.49,209.3,200.12,201.87,3982,2716,204.449
SSB,SOUTHSTATE BANK CORP,811021444,SSB,20260717,103.55,104.12,102.4,103.19,2321,2011,103.077
SSB,SOUTHSTATE BANK CORP,811021444,SSB,20260720,102.88,103.18,101.7,102.35,2516,2005,102.163
AAL,AMERICAN AIRLINES GROUP INC,139673266,AAL,20260717,15.31,15.34,14.94,14.98,1711116,109317,15.071
AAL,AMERICAN AIRLINES GROUP INC,139673266,AAL,20260720,15.19,15.29,14.94,15.14,1597715,88291,15.166
PNR,PENTAIR,153068487,PNR,20260717,64.93,65.9,62.11,62.45,28199,17941,63.299
PNR,PENTAIR,153068487,PNR,20260720,62.81,62.84,61.62,62.12,24070,14670,62.096
MDGL,MADRIGAL PHARMACEUTICALS INC,241893053,MDGL,20260717,538.85,560.09,536.01,553.48,4541,2614,548.874
MDGL,MADRIGAL PHARMACEUTICALS INC,241893053,MDGL,20260720,555.0,555.05,533.0,535.69,2561,1381,538.22
AXSM,AXSOME THERAPEUTICS INC,212813168,AXSM,20260717,233.62,237.36,228.12,230.0,3997,2689,231.507
AXSM,AXSOME THERAPEUTICS INC,212813168,AXSM,20260720,229.74,232.99,221.21,221.64,3790,2971,225.536
MANH,MANHATTAN ASSOCIATES INC,4814485,MANH,20260717,161.63,166.56,160.32,163.19,4170,2948,164.341
MANH,MANHATTAN ASSOCIATES INC,4814485,MANH,20260720,162.51,167.42,160.03,165.51,2302,1570,165.002
AR,ANTERO RESOURCES CORP,135942630,AR,20260717,33.52,33.945,33.215,33.57,29095,17767,33.48688
AR,ANTERO RESOURCES CORP,135942630,AR,20260720,33.42,33.8,32.89,33.23,32230,20021,33.42448
PRI,PRIMERICA INC,73956870,PRI,20260717,312.12,317.69,310.46,310.54,1458,1019,312.21
PRI,PRIMERICA INC,73956870,PRI,20260720,310.3,311.73,308.67,309.41,1436,970,309.681
ORI,OLD REPUBLIC INTERNATIONAL CORP,10840,ORI,20260717,41.93,42.65,41.93,42.24,6149,4209,42.239
ORI,OLD REPUBLIC INTERNATIONAL CORP,10840,ORI,20260720,42.16,42.54,41.97,42.21,4359,3110,42.25
ENSG,ENSIGN GROUP INC,46986489,ENSG,20260717,172.99,176.01,171.23,171.28,3045,2488,172.563
ENSG,ENSIGN GROUP INC,46986489,ENSG,20260720,171.06,173.03,171.06,172.04,1421,1020,172.204
DOCN,DIGITALOCEAN HOLDINGS INC,478483393,DOCN,20260717,112.25,121.66,111.13,118.91,13303,7859,117.735
DOCN,DIGITALOCEAN HOLDINGS INC,478483393,DOCN,20260720,118.6,125.11,118.17,119.09,9519,6342,121.103
LFUS,LITTELFUSE INC,271184,LFUS,20260717,390.14,404.79,380.25,397.75,5022,2830,395.724
LFUS,LITTELFUSE INC,271184,LFUS,20260720,401.66,411.24,398.67,401.65,5102,2433,405.025
DPZ,DOMINOS PIZZA INC,29831612,DPZ,20260717,330.83,336.47,316.18,322.18,24469,11041,323.097
DPZ,DOMINOS PIZZA INC,29831612,DPZ,20260720,342.75,350.0,324.0,328.97,46219,20570,331.297
CFR,CULLEN FROST BANKERS INC,5610,CFR,20260717,162.71,163.67,160.78,161.65,1942,1428,161.947
CFR,CULLEN FROST BANKERS INC,5610,CFR,20260720,162.3,162.43,159.26,162.07,5344,3142,161.029
ALSN,ALLISON TRANSMISSION HOLDINGS INC,104054141,ALSN,20260717,114.66,115.75,112.93,113.6,3042,2178,113.769
ALSN,ALLISON TRANSMISSION HOLDINGS INC,104054141,ALSN,20260720,114.35,114.49,112.28,113.67,3797,1985,113.258
COLB,COLUMBIA BANKING SYSTEM INC,267899,COLB,20260717,33.42,33.65,32.95,33.24,20068,11167,33.326
COLB,COLUMBIA BANKING SYSTEM INC,267899,COLB,20260720,33.33,33.46,32.62,32.8,17525,9648,32.871
WTS,WATTS WATER TECHNOLOGIES INC CLASS,2009894,WTS,20260717,348.1,355.63,345.91,346.43,2409,1300,349.59
WTS,WATTS WATER TECHNOLOGIES INC CLASS,2009894,WTS,20260720,348.99,349.8,338.01,340.51,1758,1000,341.61
AMG,AFFILIATED MANAGERS GROUP INC,6607470,AMG,20260717,367.77,373.74,359.94,369.83,3002,1487,368.903
AMG,AFFILIATED MANAGERS GROUP INC,6607470,AMG,20260720,380.57,380.57,365.86,366.12,1204,740,368.438
AFG,AMERICAN FINANCIAL GROUP INC,661377,AFG,20260717,141.15,143.21,139.1,141.89,1679,1244,141.687
AFG,AMERICAN FINANCIAL GROUP INC,661377,AFG,20260720,142.24,142.99,141.52,142.26,1379,909,142.065
CUBE,CUBESMART REIT,94153980,CUBE,20260717,42.28,42.9,41.77,41.89,17414,10256,42.136
CUBE,CUBESMART REIT,94153980,CUBE,20260720,41.74,41.81,41.25,41.58,7623,4439,41.516
SOLS,SOLSTICE ADVANCED MATERIALS INC,822454680,SOLS,20260717,56.82,59.48,56.2,58.38,17672,10789,58.251
SOLS,SOLSTICE ADVANCED MATERIALS INC,822454680,SOLS,20260720,58.65,59.58,56.32,56.47,15173,9679,57.252
CNH,CNH INDUSTRIAL N.V. NV,135330258,CNH,20260717,10.64,10.9,10.59,10.64,51048,15250,10.695
CNH,CNH INDUSTRIAL N.V. NV,135330258,CNH,20260720,10.64,10.7,10.28,10.33,43871,16980,10.395
FDS,FACTSET RESEARCH SYSTEMS INC,1847145,FDS,20260717,261.22,269.79,255.48,258.09,4470,3393,259.243
FDS,FACTSET RESEARCH SYSTEMS INC,1847145,FDS,20260720,254.99,259.7,251.7,255.79,3405,2522,256.228
MTCH,MATCH GROUP INC,430252818,MTCH,20260717,39.72,39.98,38.83,39.15,12481,8076,39.164
MTCH,MATCH GROUP INC,430252818,MTCH,20260720,39.26,39.51,38.97,39.04,7028,4819,39.19
W,WAYFAIR INC CLASS A,168812158,W,20260717,90.03,92.86,88.41,89.31,10450,7080,89.799
W,WAYFAIR INC CLASS A,168812158,W,20260720,90.2,90.56,87.68,87.76,12625,7608,88.482
ADC,AGREE REALTY REIT CORP,4151,ADC,20260717,81.5,81.79,80.44,81.12,4327,3106,80.971
ADC,AGREE REALTY REIT CORP,4151,ADC,20260720,81.0,81.63,80.19,80.57,3929,2817,80.598
NNN,NNN REIT INC,39042404,NNN,20260717,49.69,50.0,49.05,49.59,8111,5534,49.452
NNN,NNN REIT INC,39042404,NNN,20260720,49.51,49.81,48.72,48.92,6857,4474,49.067
VOYA,VOYA FINANCIAL INC,146394607,VOYA,20260717,99.63,101.41,99.09,99.73,5719,3667,100.078
VOYA,VOYA FINANCIAL INC,146394607,VOYA,20260720,99.88,99.88,98.48,98.61,2629,1915,98.972
IT,GARTNER INC,4457287,IT,20260717,143.62,145.17,138.25,140.19,5863,3587,140.682
IT,GARTNER INC,4457287,IT,20260720,138.0,141.96,135.51,141.06,5956,3989,139.74
HALO,HALOZYME THERAPEUTICS INC,30212431,HALO,20260717,77.42,79.56,77.17,77.81,7488,4892,78.039
HALO,HALOZYME THERAPEUTICS INC,30212431,HALO,20260720,78.49,79.04,77.01,77.09,7822,5640,77.523
HL,HECLA MINING,8027,HL,20260717,14.25,14.755,14.09,14.33,640754,66538,14.5026
HL,HECLA MINING,8027,HL,20260720,14.26,14.485,14.055,14.29,854025,66123,14.33282
TTC,TORO,13024,TTC,20260717,95.77,96.9,93.45,94.42,3255,2434,94.468
TTC,TORO,13024,TTC,20260720,94.43,94.75,92.98,93.6,1993,1638,93.666
GME,GAMESTOP CORP CLASS A,36285627,GME,20260717,21.86,22.07,21.66,21.89,17776,8106,21.922
GME,GAMESTOP CORP CLASS A,36285627,GME,20260720,21.89,21.98,21.66,21.76,21808,8666,21.775
IONS,IONIS PHARMACEUTICALS INC,216201303,IONS,20260717,54.1,54.69,53.76,54.39,16587,10872,54.183
IONS,IONIS PHARMACEUTICALS INC,216201303,IONS,20260720,54.4,54.8,52.82,52.95,11848,6402,53.511
OSK,OSHKOSH CORP,272856,OSK,20260717,144.85,147.88,142.81,143.66,2101,1663,144.645
OSK,OSHKOSH CORP,272856,OSK,20260720,145.81,145.81,141.17,142.0,2152,1696,142.5
TIGO,MILLICOM INTERNATIONAL CELLULAR SA,6478301,TIGO,20260717,96.5,99.29,96.01,98.34,5886,3420,98.26
TIGO,MILLICOM INTERNATIONAL CELLULAR SA,6478301,TIGO,20260720,98.29,99.8,97.26,97.38,5476,3048,97.887
WAL,WESTERN ALLIANCE,35090283,WAL,20260717,82.87,83.36,81.66,82.3,3410,2788,82.429
WAL,WESTERN ALLIANCE,35090283,WAL,20260720,82.25,82.59,80.87,80.97,3614,2565,81.333
BEN,FRANKLIN RESOURCES INC,4906,BEN,20260717,32.68,32.97,32.14,32.63,26906,15849,32.652
BEN,FRANKLIN RESOURCES INC,4906,BEN,20260720,32.82,32.91,32.13,32.23,15941,10236,32.362
SWKS,SKYWORKS SOLUTIONS INC,4726021,SWKS,20260717,56.7,59.58,56.7,59.35,27721,20049,58.64
SWKS,SKYWORKS SOLUTIONS INC,4726021,SWKS,20260720,60.02,60.4,58.97,59.8,20083,13116,59.771
BMNR,BITMINE IMMERSION TECHNOLOGIES INC,785071865,BMNR,20260717,14.92,15.86,14.67,15.69,297620,80031,15.46
BMNR,BITMINE IMMERSION TECHNOLOGIES INC,785071865,BMNR,20260720,16.02,16.88,15.86,16.63,238852,76494,16.468
VIAV,VIAVI SOLUTIONS INC,201113049,VIAV,20260717,35.38,38.66,34.83,38.16,45886,26235,37.441
VIAV,VIAVI SOLUTIONS INC,201113049,VIAV,20260720,39.05,40.36,38.67,39.43,23684,14901,39.583
FR,FIRST INDUSTRIAL REALTY TRUST INC,7330,FR,20260717,68.89,69.88,68.57,68.86,7915,5589,68.989
FR,FIRST INDUSTRIAL REALTY TRUST INC,7330,FR,20260720,68.97,69.29,67.95,68.2,5144,3099,68.337
ACM,AECOM,43980401,ACM,20260717,69.18,69.98,67.54,68.29,4777,3424,68.489
ACM,AECOM,43980401,ACM,20260720,68.43,68.49,67.28,67.94,4178,3086,68.058
FLS,FLOWSERVE CORP,6477749,FLS,20260717,67.43,69.16,66.93,68.46,6378,4376,68.384
FLS,FLOWSERVE CORP,6477749,FLS,20260720,68.91,69.09,66.32,66.74,14607,8366,67.223
NCLH,NORWEGIAN CRUISE LINE HOLDINGS LTD,120643512,NCLH,20260717,19.11,19.72,19.05,19.46,70660,34184,19.5
NCLH,NORWEGIAN CRUISE LINE HOLDINGS LTD,120643512,NCLH,20260720,19.63,19.86,19.25,19.49,82855,32658,19.517
RRC,RANGE RESOURCES CORP,6608450,RRC,20260717,36.75,37.09,36.25,36.76,15170,8161,36.59009
RRC,RANGE RESOURCES CORP,6608450,RRC,20260720,36.44,36.89,36.37,36.67,18596,9757,36.66393
GMED,GLOBUS MEDICAL INC CLASS A,111576465,GMED,20260717,80.74,80.74,76.25,77.0,16261,6984,77.578
GMED,GLOBUS MEDICAL INC CLASS A,111576465,GMED,20260720,76.87,77.45,75.68,76.01,9007,5163,76.696
ARE,ALEXANDRIA REAL ESTATE EQUITIES RE,6607487,ARE,20260717,50.14,50.88,49.73,50.22,5099,3549,50.153
ARE,ALEXANDRIA REAL ESTATE EQUITIES RE,6607487,ARE,20260720,50.22,50.84,49.63,50.05,5817,3901,50.11
HSIC,HENRY SCHEIN INC,3655640,HSIC,20260717,88.48,88.94,87.31,87.82,6514,4454,87.871
HSIC,HENRY SCHEIN INC,3655640,HSIC,20260720,87.52,87.83,85.61,86.2,5622,4141,86.277
TKR,TIMKEN,12826,TKR,20260717,135.01,139.46,132.52,137.78,4446,2387,136.684
TKR,TIMKEN,12826,TKR,20260720,139.14,139.48,133.36,134.38,2754,1987,135.139
MGM,MGM RESORTS INTERNATIONAL,9560,MGM,20260717,46.69,46.69,46.0,46.13,12916,8133,46.415
MGM,MGM RESORTS INTERNATIONAL,9560,MGM,20260720,46.32,47.15,46.24,46.34,10607,6613,46.679
CORT,CORCEPT THERAPEUTICS INC,28565190,CORT,20260717,88.5,91.45,87.218,90.52,5759,4092,89.88824
CORT,CORCEPT THERAPEUTICS INC,28565190,CORT,20260720,90.84,92.66,90.0749,91.57,6199,4305,91.8004
ESI,ELEMENT SOLUTIONS INC,351659552,ESI,20260717,36.95,38.16,36.6,37.4,35806,22334,37.612
ESI,ELEMENT SOLUTIONS INC,351659552,ESI,20260720,37.92,38.2,36.41,36.46,26262,16691,37.045
KTOS,KRATOS DEFENSE AND SECURITY SOLUTI,68492173,KTOS,20260717,46.07,47.2529,45.58,46.03,22675,13499,46.4033
KTOS,KRATOS DEFENSE AND SECURITY SOLUTI,68492173,KTOS,20260720,46.24,47.4,45.7246,45.94,16196,7553,46.33716
AXS,AXIS CAPITAL HOLDINGS LTD,18963197,AXS,20260717,114.64,116.63,113.23,114.78,2273,1820,114.93
AXS,AXIS CAPITAL HOLDINGS LTD,18963197,AXS,20260720,114.76,116.01,114.4,115.03,1952,1388,115.267
QGEN,QIAGEN NV,840414918,QGEN,20260717,41.77,41.78,40.87,41.15,14630,9133,41.201
QGEN,QIAGEN NV,840414918,QGEN,20260720,40.98,41.2,40.46,40.48,11234,6945,40.79
CNM,CORE & MAIN INC CLASS A,504091781,CNM,20260717,45.44,46.38,45.02,45.24,11393,7674,45.7
CNM,CORE & MAIN INC CLASS A,504091781,CNM,20260720,45.32,45.51,43.78,43.83,9243,6180,44.199
REXR,REXFORD INDUSTRIAL REALTY REIT INC,131219465,REXR,20260717,37.76,38.6,37.08,37.46,24396,12670,37.751
REXR,REXFORD INDUSTRIAL REALTY REIT INC,131219465,REXR,20260720,37.31,37.45,36.73,36.91,11577,6449,36.961
JEF,JEFFERIES FINANCIAL GROUP INC,318911976,JEF,20260717,54.38,55.45,53.01,54.87,9637,6713,54.711
JEF,JEFFERIES FINANCIAL GROUP INC,318911976,JEF,20260720,55.61,55.7,54.61,55.18,8989,7102,55.019
ATR,APTARGROUP INC,4651,ATR,20260717,135.83,136.65,130.71,132.61,2202,1654,131.938
ATR,APTARGROUP INC,4651,ATR,20260720,132.38,132.38,129.74,129.91,1790,1213,130.421
TTEK,TETRA TECH INC,275920,TTEK,20260717,31.94,32.34,31.26,31.59,11664,7100,31.647
TTEK,TETRA TECH INC,275920,TTEK,20260720,31.58,31.58,31.01,31.27,10767,6368,31.278
VNOM,VIPER ENERGY INC CLASS A,808305869,VNOM,20260717,44.46,44.75,43.87,44.38,8650,5753,44.342
VNOM,VIPER ENERGY INC CLASS A,808305869,VNOM,20260720,44.08,44.98,43.91,44.36,8459,5954,44.65
ONON,ON HOLDING AG CLASS A,513880603,ONON,20260717,37.68,38.35,37.05,37.2,17331,12041,37.49
ONON,ON HOLDING AG CLASS A,513880603,ONON,20260720,37.02,37.85,36.62,37.65,22278,12476,37.47
KMX,CARMAX INC,2586156,KMX,20260717,57.89,58.87,56.93,57.33,8459,6034,57.513
KMX,CARMAX INC,2586156,KMX,20260720,58.01,58.04,55.73,55.91,8550,5898,56.436
FORM,FORMFACTOR INC,18416237,FORM,20260717,100.0,108.0,97.28,105.57,10574,6334,103.503
FORM,FORMFACTOR INC,18416237,FORM,20260720,107.28,109.99,104.46,105.31,5320,3328,106.227
UGI,UGI CORP,13197,UGI,20260717,37.41,37.53,36.47,36.62,4761,3147,36.847
UGI,UGI CORP,13197,UGI,20260720,36.79,36.83,36.47,36.73,3545,2510,36.635
RAL,RALLIANT CORP,792051315,RAL,20260717,65.82,70.17,64.69,70.17,11559,6404,69.016
RAL,RALLIANT CORP,792051315,RAL,20260720,70.23,70.98,69.27,69.78,7744,4309,70.028
BROS,DUTCH BROS INC CLASS A,513880596,BROS,20260717,66.36,69.39,65.85,68.36,17568,9579,68.203
BROS,DUTCH BROS INC CLASS A,513880596,BROS,20260720,69.09,69.86,65.76,66.25,13100,8365,66.955
UHS,UNIVERSAL HEALTH SERVICES INC CLAS,13206,UHS,20260717,153.04,155.72,151.0,151.16,2056,1495,152.071
UHS,UNIVERSAL HEALTH SERVICES INC CLAS,13206,UHS,20260720,151.0,151.4,149.03,150.64,3395,2440,150.486
IDA,IDACORP INC,8360,IDA,20260717,152.51,153.54,148.19,148.73,2664,1858,149.717
IDA,IDACORP INC,8360,IDA,20260720,149.13,151.27,146.57,147.03,1558,1201,147.651
BAH,BOOZ ALLEN HAMILTON HOLDING CORP C,80968828,BAH,20260717,65.76,67.88,64.85,65.21,18150,9009,65.739
BAH,BOOZ ALLEN HAMILTON HOLDING CORP C,80968828,BAH,20260720,64.71,65.91,63.54,64.52,13628,7415,64.812
EMN,EASTMAN CHEMICAL,6832,EMN,20260717,69.21,70.41,68.24,68.6,4420,2921,68.994
EMN,EASTMAN CHEMICAL,6832,EMN,20260720,68.26,68.46,67.4,68.08,5277,3334,68.093
AAOI,APPLIED OPTOELECTRONICS INC,135423662,AAOI,20260717,96.11,106.18,91.5012,102.41,66117,32452,100.43713
AAOI,APPLIED OPTOELECTRONICS INC,135423662,AAOI,20260720,104.46,107.32,102.06,103.02,33421,17731,104.76601
AMKR,AMKOR TECHNOLOGY INC,4726244,AMKR,20260717,60.2,63.59,57.87,62.94,25989,15481,61.677
AMKR,AMKOR TECHNOLOGY INC,4726244,AMKR,20260720,64.33,65.2,61.95,62.56,15080,9486,63.124
CBSH,COMMERCE BANCSHARES INC,267345,CBSH,20260717,59.59,60.18,58.95,59.14,5934,4728,59.366
CBSH,COMMERCE BANCSHARES INC,267345,CBSH,20260720,59.03,59.47,58.45,58.78,5271,4002,58.761
CRBG,COREBRIDGE FINANCIAL INC,585036604,CRBG,20260717,31.39,32.3,31.23,31.88,23640,15954,32.002
CRBG,COREBRIDGE FINANCIAL INC,585036604,CRBG,20260720,31.87,31.92,31.22,31.24,19481,13448,31.511
STAG,STAG INDUSTRIAL REIT INC,86792819,STAG,20260717,42.11,42.61,41.48,41.68,7535,4815,41.845
STAG,STAG INDUSTRIAL REIT INC,86792819,STAG,20260720,41.68,42.18,41.6,41.82,9693,4804,41.853
ETSY,ETSY INC,190480965,ETSY,20260717,83.0,84.85,82.71,84.1,9601,6915,83.834
ETSY,ETSY INC,190480965,ETSY,20260720,83.33,86.5,82.75,84.03,11218,7847,85.015
BLDR,BUILDERS FIRSTSOURCE INC,34851874,BLDR,20260717,77.67,79.99,73.9,74.26,14327,7472,75.663
BLDR,BUILDERS FIRSTSOURCE INC,34851874,BLDR,20260720,74.5,74.52,72.33,72.7,13286,8614,73.061
RGEN,REPLIGEN CORP,273816,RGEN,20260717,147.11,149.06,143.88,147.25,3578,2305,146.439
RGEN,REPLIGEN CORP,273816,RGEN,20260720,147.35,149.38,144.35,145.49,4420,2707,146.996
TTD,TRADE DESK INC CLASS A,248755440,TTD,20260717,18.91,19.21,18.35,18.59,83305,31859,18.639
TTD,TRADE DESK INC CLASS A,248755440,TTD,20260720,18.6,19.13,18.13,18.64,75261,33314,18.632
HXL,HEXCEL CORP,611167,HXL,20260717,100.8,104.39,99.2,103.81,3753,2271,103.1
HXL,HEXCEL CORP,611167,HXL,20260720,105.47,106.66,104.18,105.73,12201,6079,105.659
SSD,SIMPSON MANUFACTURING INC,6608528,SSD,20260717,192.35,195.24,188.29,189.2,658,510,190.409
SSD,SIMPSON MANUFACTURING INC,6608528,SSD,20260720,189.38,190.63,184.92,185.68,1263,730,185.851
AM,ANTERO MIDSTREAM CORP,355947671,AM,20260717,23.03,23.03,22.48,22.59,6547,3698,22.66048
AM,ANTERO MIDSTREAM CORP,355947671,AM,20260720,22.82,22.83,22.53,22.6,6772,4136,22.62681
NFG,NATIONAL FUEL GAS,10199,NFG,20260717,82.55,83.08,80.73,80.94,4348,2890,81.304
NFG,NATIONAL FUEL GAS,10199,NFG,20260720,80.95,81.59,80.87,81.16,2706,1925,81.317
KEX,KIRBY CORP,2585501,KEX,20260717,142.41,144.16,140.95,144.16,2847,2136,143.082
KEX,KIRBY CORP,2585501,KEX,20260720,145.67,146.49,144.21,144.53,1557,1284,145.212
AAON,AAON INC,265595,AAON,20260717,109.73,114.68,105.35,111.42,5619,4156,111.721
AAON,AAON INC,265595,AAON,20260720,111.88,112.18,101.84,103.88,7833,5452,104.149
DVA,DAVITA INC,1035459,DVA,20260717,234.34,238.53,233.35,236.97,2032,1587,236.4
DVA,DAVITA INC,1035459,DVA,20260720,236.43,238.64,233.63,234.1,2310,1744,236.128
HLI,HOULIHAN LOKEY INC CLASS A,202918196,HLI,20260717,141.3,143.94,139.96,140.01,3896,2386,141.938
HLI,HOULIHAN LOKEY INC CLASS A,202918196,HLI,20260720,140.71,140.71,137.02,139.88,3292,2396,138.919
KNSL,KINSALE CAPITAL GROUP INC,242140470,KNSL,20260717,339.0,349.96,339.0,343.99,3148,1960,343.895
KNSL,KINSALE CAPITAL GROUP INC,242140470,KNSL,20260720,344.46,354.04,341.22,350.13,4757,2770,350.576
LNC,LINCOLN NATIONAL CORP,9174,LNC,20260717,41.84,42.66,41.64,42.24,10110,6106,42.269
LNC,LINCOLN NATIONAL CORP,9174,LNC,20260720,42.25,42.29,41.55,41.61,6370,4006,41.846
H,HYATT HOTELS CORP CLASS A,70084337,H,20260717,187.99,190.78,187.19,190.65,3694,2728,188.562
H,HYATT HOTELS CORP CLASS A,70084337,H,20260720,191.78,193.19,188.22,189.55,3754,2811,189.531
LAD,LITHIA MOTORS INC CLASS A,6608116,LAD,20260717,336.87,343.46,332.81,335.28,1627,893,336.03
LAD,LITHIA MOTORS INC CLASS A,6608116,LAD,20260720,335.28,335.28,324.8,325.18,2120,1324,328.094
HRL,HORMEL FOODS CORP,8153,HRL,20260717,26.0,26.21,25.24,25.39,15483,8042,25.618
HRL,HORMEL FOODS CORP,8153,HRL,20260720,25.32,25.39,25.11,25.28,15498,8137,25.276
WYNN,WYNN RESORTS LTD,16454492,WYNN,20260717,97.61,97.68,95.9,96.64,4802,3451,96.579
WYNN,WYNN RESORTS LTD,16454492,WYNN,20260720,97.41,97.53,95.33,95.66,5557,3673,95.895
THG,HANOVER INSURANCE GROUP INC,37075152,THG,20260717,207.9,213.86,207.9,213.23,1353,989,212.042
THG,HANOVER INSURANCE GROUP INC,37075152,THG,20260720,213.17,216.0,212.98,214.35,1084,847,214.823
AVTR,AVANTOR INC,366131368,AVTR,20260717,11.1,11.31,10.88,11.07,79696,28657,11.05
AVTR,AVANTOR INC,366131368,AVTR,20260720,10.98,11.16,10.59,10.66,64877,23436,10.737
QRVO,QORVO INC,179002152,QRVO,20260717,82.54,85.86,82.5,85.5,5667,4669,84.865
QRVO,QORVO INC,179002152,QRVO,20260720,86.06,86.59,85.24,85.72,3523,2838,85.92
VNO,VORNADO REALTY TRUST REIT,13535,VNO,20260717,40.61,41.25,39.79,40.34,5834,3606,40.297
VNO,VORNADO REALTY TRUST REIT,13535,VNO,20260720,40.3,40.3,39.48,39.74,5588,3643,39.836
CHRD,CHORD ENERGY CORP,456517746,CHRD,20260717,126.5,128.25,125.09,128.1,3830,2427,126.975
CHRD,CHORD ENERGY CORP,456517746,CHRD,20260720,126.21,130.08,125.97,128.8,3521,1954,128.983
LSTR,LANDSTAR SYSTEM INC,271344,LSTR,20260717,210.87,212.93,207.28,211.56,1827,1337,210.899
LSTR,LANDSTAR SYSTEM INC,271344,LSTR,20260720,212.1,213.66,209.5,211.17,1404,1201,211.928
MOS,MOSAIC,88292752,MOS,20260717,22.46,22.9,22.08,22.13,44463,24025,22.32
MOS,MOSAIC,88292752,MOS,20260720,22.33,22.48,21.71,22.41,34317,18544,22.146
AUR,AURORA INNOVATION INC CLASS A,524706371,AUR,20260717,5.78,6.075,5.73,6.06,163626,25322,5.95106
AUR,AURORA INNOVATION INC CLASS A,524706371,AUR,20260720,6.11,6.24,5.99,6.09,163282,25892,6.10942
GFS,GLOBALFOUNDRIES INC,523222624,GFS,20260717,55.86,59.02,55.17,57.48,23973,12879,57.412
GFS,GLOBALFOUNDRIES INC,523222624,GFS,20260720,58.22,59.0,56.62,56.81,13903,7386,57.439
FAF,FIRST AMERICAN FINANCIAL CORP,75472985,FAF,20260717,72.4,73.5,71.98,73.03,4402,3187,72.834
FAF,FIRST AMERICAN FINANCIAL CORP,75472985,FAF,20260720,72.91,73.32,71.52,71.73,3879,2719,72.273
LEA,LEAR CORP,70152668,LEA,20260717,141.15,144.09,138.85,141.72,2522,2055,142.005
LEA,LEAR CORP,70152668,LEA,20260720,142.0,143.31,139.96,140.16,1659,1238,140.62
FOX,FOX CORP CLASS B,356858007,FOX,20260717,51.19,51.72,50.77,51.63,3999,2747,51.34
FOX,FOX CORP CLASS B,356858007,FOX,20260720,51.45,52.91,51.3,51.55,5695,4198,51.965
CRUS,CIRRUS LOGIC INC,268057,CRUS,20260717,134.32,138.59,134.02,137.98,2970,2189,137.222
CRUS,CIRRUS LOGIC INC,268057,CRUS,20260720,139.16,139.79,136.64,136.79,2745,1832,137.667
SFM,SPROUTS FARMERS MARKET INC,132310192,SFM,20260717,74.93,77.52,74.28,75.78,13180,7735,76.248
SFM,SPROUTS FARMERS MARKET INC,132310192,SFM,20260720,76.09,76.27,73.93,74.61,7842,5245,74.785
AXTA,AXALTA COATING SYSTEMS LTD,173253787,AXTA,20260717,32.88,33.03,32.23,32.34,6969,4577,32.556
AXTA,AXALTA COATING SYSTEMS LTD,173253787,AXTA,20260720,32.34,32.55,32.07,32.12,8230,4481,32.326
OMF,ONEMAIN HOLDINGS INC,212990433,OMF,20260717,60.27,60.79,59.59,60.3,4093,3408,60.226
OMF,ONEMAIN HOLDINGS INC,212990433,OMF,20260720,60.48,60.92,60.07,60.2,3482,2545,60.412
HR,HEALTHCARE REALTY TRUST INC CLASS,575088334,HR,20260717,21.4,21.47,21.14,21.32,26263,11879,21.281
HR,HEALTHCARE REALTY TRUST INC CLASS,575088334,HR,20260720,21.3,21.48,21.03,21.25,32261,15894,21.252
CART,MAPLEBEAR INC,655310909,CART,20260717,45.83,46.39,45.57,45.82,14219,10625,45.886
CART,MAPLEBEAR INC,655310909,CART,20260720,45.66,47.09,45.59,46.75,13818,9905,46.713
AVT,AVNET INC,4691,AVT,20260717,83.11,86.16,82.49,85.65,2464,1987,85.114
AVT,AVNET INC,4691,AVT,20260720,86.68,87.1,84.64,85.02,3299,1872,85.317
NOV,NOV INC,462100032,NOV,20260717,19.57,19.66,19.31,19.52,11215,7715,19.493
NOV,NOV INC,462100032,NOV,20260720,19.67,19.93,19.44,19.55,18290,10475,19.717
ECG,EVERUS CONSTRUCTION GROUP INC,737178111,ECG,20260717,130.0,136.33,127.2,133.23,1597,1263,133.96
ECG,EVERUS CONSTRUCTION GROUP INC,737178111,ECG,20260720,134.87,138.87,130.81,131.49,1804,1282,132.861
CAVA,CAVA GROUP INC,636387343,CAVA,20260717,68.65,71.35,68.19,68.85,14719,9439,69.534
CAVA,CAVA GROUP INC,636387343,CAVA,20260720,68.29,68.81,63.3,63.51,27228,15241,64.818
AGCO,AGCO CORP,4230,AGCO,20260717,115.01,118.07,114.85,115.33,2746,2107,115.748
AGCO,AGCO CORP,4230,AGCO,20260720,115.58,116.04,111.84,112.33,3489,2610,112.76
CAG,CONAGRA BRANDS INC,5402,CAG,20260717,14.7,14.87,14.22,14.28,103301,31722,14.447
CAG,CONAGRA BRANDS INC,5402,CAG,20260720,14.28,14.7,14.01,14.64,120384,30385,14.405
XP,XP CLASS A INC,395194484,XP,20260717,16.33,16.95,16.26,16.67,26327,15131,16.707
XP,XP CLASS A INC,395194484,XP,20260720,16.74,17.1,16.71,16.8,26854,13656,16.939
AOS,A O SMITH CORP,12225,AOS,20260717,60.39,61.18,58.68,58.85,11505,7630,59.2
AOS,A O SMITH CORP,12225,AOS,20260720,59.24,59.24,58.0,58.88,8178,5469,58.695
GTES,GATES INDUSTRIAL PLC,900979449,GTES,20260720,27.61,27.61,25.55,25.7,7895,4864,26.014
PB,PROSPERITY BANCSHARES INC,4816906,PB,20260717,74.49,75.0,73.14,73.49,4319,3205,73.888
PB,PROSPERITY BANCSHARES INC,4816906,PB,20260720,73.44,73.57,72.66,72.98,3157,2549,72.957
AWI,ARMSTRONG WORLD INDUSTRIES INC,41174537,AWI,20260717,160.31,162.26,155.5,155.97,2222,1658,157.449
AWI,ARMSTRONG WORLD INDUSTRIES INC,41174537,AWI,20260720,156.54,156.61,152.0,152.22,2261,1768,153.06
ULS,UL SOLUTIONS INC CLASS A,696016914,ULS,20260717,89.07,89.78,87.4,87.76,2983,2228,88.081
ULS,UL SOLUTIONS INC CLASS A,696016914,ULS,20260720,87.93,88.75,85.32,85.64,2933,2253,86.506
POWL,POWELL INDUSTRIES INC,273290,POWL,20260717,229.98,240.5,223.51,232.79,16284,9213,234.701
POWL,POWELL INDUSTRIES INC,273290,POWL,20260720,234.99,241.42,228.0,228.28,8767,4817,231.407
LKQ,LKQ CORP,26345312,LKQ,20260717,26.06,26.54,25.03,25.38,16090,10137,25.516
LKQ,LKQ CORP,26345312,LKQ,20260720,25.42,25.47,24.72,25.04,14737,9431,24.993
AS,AMER SPORTS INC,681156868,AS,20260717,35.51,36.52,35.21,36.44,18711,11805,36.041
AS,AMER SPORTS INC,681156868,AS,20260720,36.26,36.86,36.07,36.34,18850,11479,36.451
POOL,POOL CORP,39195389,POOL,20260717,208.85,212.41,200.38,201.17,3217,2118,205.133
POOL,POOL CORP,39195389,POOL,20260720,200.65,202.1,194.08,201.03,6189,3757,199.586
FNB,FNB CORP,269135,FNB,20260717,18.81,19.21,18.8,19.16,55687,27632,19.007
FNB,FNB CORP,269135,FNB,20260720,18.91,19.11,18.5,18.75,50353,23687,18.679
CHE,CHEMED CORP,5654,CHE,20260717,502.65,511.85,502.2,510.03,2644,1221,507.718
CHE,CHEMED CORP,5654,CHE,20260720,507.61,517.74,503.97,513.68,1655,894,512.776
FPS,FORGENT POWER SOLUTIONS INC CLASS,851539566,FPS,20260717,37.5,41.1,36.57,39.79,99631,54337,39.345
FPS,FORGENT POWER SOLUTIONS INC CLASS,851539566,FPS,20260720,40.5,41.89,38.27,38.5,57538,32075,39.356
INGR,INGREDION INC,107051249,INGR,20260717,103.15,104.06,101.05,102.56,2853,1809,102.262
INGR,INGREDION INC,107051249,INGR,20260720,102.36,103.03,101.34,102.52,2987,1825,102.332
WULF,TERAWULF INC,532497563,WULF,20260717,17.24,18.3097,16.545,18.16,299513,115054,17.68803
WULF,TERAWULF INC,532497563,WULF,20260720,18.79,19.745,18.73,18.86,247410,96311,19.10136
APLD,APPLIED DIGITAL CORP,556067819,APLD,20260717,25.35,26.23,24.03,25.79,186819,78338,25.17539
APLD,APPLIED DIGITAL CORP,556067819,APLD,20260720,27.26,28.39,27.095,27.85,157787,71258,27.8678
CROX,CROCS INC,37792836,CROX,20260717,136.63,140.42,136.6,137.13,3175,2193,138.028
CROX,CROCS INC,37792836,CROX,20260720,138.58,138.58,133.07,135.39,3896,3029,135.145
RYN,RAYONIER REIT INC,11800,RYN,20260717,22.23,22.54,21.51,21.8,15814,10153,21.77
RYN,RAYONIER REIT INC,11800,RYN,20260720,21.75,21.82,21.12,21.26,14237,8256,21.325
MP,MP MATERIALS CORP CLASS A,455592408,MP,20260717,44.41,46.51,43.82,45.24,44291,25073,45.15
MP,MP MATERIALS CORP CLASS A,455592408,MP,20260720,45.36,46.7,44.02,45.7,44470,23065,45.091
EXP,EAGLE MATERIALS INC,27267807,EXP,20260717,212.99,217.03,204.92,205.93,1221,984,208.019
EXP,EAGLE MATERIALS INC,27267807,EXP,20260720,206.42,207.95,200.3,201.77,2687,2149,202.213
M,MACYS INC,44475946,M,20260717,24.04,25.07,23.57,23.68,36887,21794,24.154
M,MACYS INC,44475946,M,20260720,23.7,23.85,23.03,23.31,31269,19436,23.351
MSGS,MADISON SQUARE GARDEN SPORTS CORP,206591285,MSGS,20260717,386.95,397.29,385.81,396.87,2555,1233,392.698
MSGS,MADISON SQUARE GARDEN SPORTS CORP,206591285,MSGS,20260720,399.77,406.17,394.22,397.96,2654,1398,398.238
ST,SENSATA TECHNOLOGIES HOLDING PLC,311458442,ST,20260717,43.14,45.31,42.8,45.05,10973,5939,44.649
ST,SENSATA TECHNOLOGIES HOLDING PLC,311458442,ST,20260720,45.52,45.78,44.5,44.57,12380,8315,44.831
LW,LAMB WESTON HOLDINGS INC,253184108,LW,20260717,47.7,48.12,46.36,46.79,8693,5853,46.852
LW,LAMB WESTON HOLDINGS INC,253184108,LW,20260720,46.72,46.87,45.03,46.6,16148,7213,45.902
MTDR,MATADOR RESOURCES,101694297,MTDR,20260717,54.15,54.64,53.04,53.8,10086,5810,53.50927
MTDR,MATADOR RESOURCES,101694297,MTDR,20260720,53.1,54.035,52.4816,53.47,5838,4045,53.63907
TPG,TPG INC CLASS A,537638912,TPG,20260717,43.41,44.49,43.25,43.74,6613,4739,43.702
TPG,TPG INC CLASS A,537638912,TPG,20260720,43.82,43.82,41.94,42.97,9290,5885,42.9
GXO,GXO LOGISTICS INC,502252244,GXO,20260717,53.71,54.78,53.46,54.05,4548,3395,54.195
GXO,GXO LOGISTICS INC,502252244,GXO,20260720,54.18,54.4,52.75,52.8,3833,2730,53.219
PL,PLANET LABS CLASS A,530906124,PL,20260717,21.86,23.29,21.03,22.47,61399,31446,22.52471
PL,PLANET LABS CLASS A,530906124,PL,20260720,21.72,23.04,21.09,22.15,51028,26150,22.32822
TAP,MOLSON COORS BREWING CLASS B,33191300,TAP,20260717,42.31,43.06,40.76,40.93,18244,12148,41.582
TAP,MOLSON COORS BREWING CLASS B,33191300,TAP,20260720,40.95,41.68,40.63,41.61,16011,9768,41.272
MSA,MSA SAFETY INC,145946660,MSA,20260717,172.12,175.0,170.39,171.03,531,449,171.568
MSA,MSA SAFETY INC,145946660,MSA,20260720,172.46,172.46,169.79,171.13,736,560,170.787
SARO,STANDARDAERO,732636198,SARO,20260717,26.44,27.45,26.21,26.73,25362,12907,26.907
SARO,STANDARDAERO,732636198,SARO,20260720,26.81,27.28,26.46,26.65,19362,10847,26.708
CZR,CAESARS ENTERTAINMENT INC,435774408,CZR,20260717,29.93,30.01,29.75,29.86,29914,13592,29.89
CZR,CAESARS ENTERTAINMENT INC,435774408,CZR,20260720,29.85,29.97,29.78,29.8,20951,9155,29.854
MTG,MGIC INVESTMENT CORP,9902,MTG,20260717,29.31,29.7,29.1725,29.47,11042,8116,29.42726
MTG,MGIC INVESTMENT CORP,9902,MTG,20260720,29.43,29.515,29.17,29.32,8072,6145,29.30546
PAYC,PAYCOM SOFTWARE INC,148163036,PAYC,20260717,150.27,152.85,145.38,147.94,3549,2718,147.763
PAYC,PAYCOM SOFTWARE INC,148163036,PAYC,20260720,146.33,150.93,144.22,149.71,2734,2047,149.026
VFC,VF CORP,13440,VFC,20260717,17.29,17.3,16.77,16.98,47834,25976,16.953
VFC,VF CORP,13440,VFC,20260720,16.89,17.08,16.7,16.88,39014,20925,16.855
TFX,TELEFLEX INC,12750,TFX,20260717,136.57,139.18,134.08,134.61,1615,1267,135.086
TFX,TELEFLEX INC,12750,TFX,20260720,134.05,135.23,132.22,134.03,1274,1033,134.284
FND,FLOOR DECOR HOLDINGS INC CLASS A,273992879,FND,20260717,58.89,59.83,56.67,56.79,9201,6434,57.551
FND,FLOOR DECOR HOLDINGS INC CLASS A,273992879,FND,20260720,56.78,56.98,53.78,53.86,17420,9417,54.301
PRMB,PRIMO BRANDS CLASS A CORP,740066865,PRMB,20260717,25.29,25.59,24.38,24.82,11517,8192,24.758
PRMB,PRIMO BRANDS CLASS A CORP,740066865,PRMB,20260720,24.82,24.84,24.21,24.31,14985,9154,24.467
BRKR,BRUKER CORP,9905742,BRKR,20260717,57.99,58.77,56.74,58.23,8683,5002,58.025
BRKR,BRUKER CORP,9905742,BRKR,20260720,58.0,58.2,56.08,56.17,10073,6877,56.595
FBIN,FORTUNE BRANDS INNOVATIONS INC,94078796,FBIN,20260717,52.27,54.09,50.96,51.45,11962,8134,51.925
FBIN,FORTUNE BRANDS INNOVATIONS INC,94078796,FBIN,20260720,51.71,51.85,49.68,50.21,7642,5369,50.388
MBGL,MOBILITY GLOBAL INC,893054611,MBGL,20260717,20.21,20.78,19.89,20.11,42824,16608,20.121
MBGL,MOBILITY GLOBAL INC,893054611,MBGL,20260720,20.4,20.63,19.88,20.12,27982,11968,20.156
WEX,WEX INC,115823351,WEX,20260717,164.11,166.62,162.66,164.3,1946,1405,164.468
WEX,WEX INC,115823351,WEX,20260720,164.34,165.0,160.58,163.49,1954,1540,163.398
S,SENTINELONE INC CLASS A,499640681,S,20260717,19.27,19.94,19.2,19.57,43394,26155,19.539
S,SENTINELONE INC CLASS A,499640681,S,20260720,19.36,19.96,19.16,19.46,26976,15098,19.666
WFRD,WEATHERFORD INTERNATIONAL PLC,395881767,WFRD,20260717,80.0,80.82,78.92,80.7,15211,6224,79.966
WFRD,WEATHERFORD INTERNATIONAL PLC,395881767,WFRD,20260720,80.45,81.26,77.94,78.2,12982,8600,78.846
VICR,VICOR CORP,275759,VICR,20260717,215.33,246.87,211.25,237.62,5560,3660,231.748
VICR,VICOR CORP,275759,VICR,20260720,239.82,246.99,230.01,230.99,5596,3471,237.017
STWD,STARWOOD PROPERTY TRUST REIT INC,67418868,STWD,20260717,17.11,17.19,16.78,17.0,38092,11250,16.926
STWD,STARWOOD PROPERTY TRUST REIT INC,67418868,STWD,20260720,16.96,16.98,16.52,16.6,24981,8874,16.653
LYFT,LYFT INC CLASS A,359130923,LYFT,20260717,15.75,15.96,15.39,15.52,70274,31387,15.552
LYFT,LYFT INC CLASS A,359130923,LYFT,20260720,15.59,15.78,15.18,15.43,82330,30838,15.463
OWL,BLUE OWL CAPITAL INC CLASS A,491635677,OWL,20260717,9.46,9.64,9.38,9.52,105856,22337,9.503
OWL,BLUE OWL CAPITAL INC CLASS A,491635677,OWL,20260720,9.55,9.55,9.17,9.35,157660,29979,9.289
PCOR,PROCORE TECHNOLOGIES INC,491665436,PCOR,20260717,44.85,46.61,44.0,45.95,23254,12900,45.657
PCOR,PROCORE TECHNOLOGIES INC,491665436,PCOR,20260720,44.94,46.78,44.83,46.27,21260,10893,45.922
CHYM,CHIME FINANCIAL INC CLASS A,790904952,CHYM,20260717,21.34,22.6,20.8,22.33,55929,30489,21.886
CHYM,CHIME FINANCIAL INC CLASS A,790904952,CHYM,20260720,22.19,22.32,21.25,21.93,60259,26873,21.954
OKLO,OKLO INC CLASS A,500073396,OKLO,20260717,40.48,42.59,39.53,41.11,66982,30863,41.133
OKLO,OKLO INC CLASS A,500073396,OKLO,20260720,41.25,42.81,40.75,41.51,45095,21769,41.334
ALGM,ALLEGRO MICROSYSTEMS INC,452380681,ALGM,20260717,44.31,48.07,44.13,46.48,9039,5204,46.464
ALGM,ALLEGRO MICROSYSTEMS INC,452380681,ALGM,20260720,46.15,48.5,46.0,46.36,11478,7314,47.237
MIDD,MIDDLEBY CORP,4814876,MIDD,20260717,136.31,138.33,132.41,133.22,3320,2470,134.303
MIDD,MIDDLEBY CORP,4814876,MIDD,20260720,133.44,133.45,129.22,129.56,1599,1423,130.268
SON,SONOCO PRODUCTS,611273,SON,20260717,56.49,56.98,55.73,56.57,5316,3555,56.301
SON,SONOCO PRODUCTS,611273,SON,20260720,56.68,56.72,54.42,54.59,7600,5388,54.944
TEM,TEMPUS AI INC CLASS A,709237125,TEM,20260717,52.01,53.5,51.23,52.47,22614,13062,52.364
TEM,TEMPUS AI INC CLASS A,709237125,TEM,20260720,49.62,49.9,47.43,48.41,67241,31729,48.425
HRB,H&R BLOCK INC,8130,HRB,20260717,42.36,42.89,41.66,42.08,6908,4902,42.031
HRB,H&R BLOCK INC,8130,HRB,20260720,41.85,42.17,41.2,41.7,8819,6591,41.868
PCTY,PAYLOCITY HOLDING CORP,146404668,PCTY,20260717,126.64,129.66,123.72,126.0,1937,1375,125.848
PCTY,PAYLOCITY HOLDING CORP,146404668,PCTY,20260720,124.96,128.28,123.21,127.29,2322,1743,126.921
DOX,AMDOCS LTD,4457288,DOX,20260717,53.27,53.82,52.51,52.63,5495,3415,52.858
DOX,AMDOCS LTD,4457288,DOX,20260720,52.43,53.23,51.6,53.19,6071,3901,52.824
Z,ZILLOW GROUP INC CLASS C,201942684,Z,20260717,33.63,34.34,33.05,33.91,18677,11041,33.596
Z,ZILLOW GROUP INC CLASS C,201942684,Z,20260720,33.89,33.95,32.6,33.03,22603,12654,33.105
MHK,MOHAWK INDUSTRIES INC,271967,MHK,20260717,114.84,116.07,110.9,111.5,2205,1498,112.177
MHK,MOHAWK INDUSTRIES INC,271967,MHK,20260720,111.5,111.96,107.75,108.0,3339,2000,108.8
WH,WYNDHAM HOTELS RESORTS INC,317669729,WH,20260717,78.78,78.81,76.29,76.56,6400,4964,76.915
WH,WYNDHAM HOTELS RESORTS INC,317669729,WH,20260720,76.57,77.34,75.65,76.57,10155,5716,76.369
ENPH,ENPHASE ENERGY INC,105368327,ENPH,20260717,40.59,42.54,39.6,41.57,27930,13811,41.298
ENPH,ENPHASE ENERGY INC,105368327,ENPH,20260720,41.45,41.55,39.24,39.46,25929,13138,39.931
BIO,BIO RAD LABORATORIES INC CLASS A,764616,BIO,20260717,298.88,305.68,297.06,304.36,4197,2338,302.76
BIO,BIO RAD LABORATORIES INC CLASS A,764616,BIO,20260720,301.71,307.49,300.16,301.9,4823,2415,304.151
CHDN,CHURCHILL DOWNS INC,267565,CHDN,20260717,86.52,86.52,83.81,83.95,2591,1942,84.277
CHDN,CHURCHILL DOWNS INC,267565,CHDN,20260720,84.07,84.59,83.1,83.71,3811,2204,83.926
MSM,MSC INDUSTRIAL INC CLASS A,2008216,MSM,20260717,124.74,125.88,123.85,124.77,3151,2173,124.588
MSM,MSC INDUSTRIAL INC CLASS A,2008216,MSM,20260720,125.56,125.97,123.69,124.17,1996,1485,124.491
AVAV,AEROVIRONMENT INC,42464367,AVAV,20260717,144.77,148.35,142.02,142.2,6617,4065,145.158
AVAV,AEROVIRONMENT INC,42464367,AVAV,20260720,142.7,145.78,140.01,142.6,7515,4447,142.292
ESTC,ELASTIC NV,335844146,ESTC,20260717,61.3,62.46,61.02,61.59,7545,5315,61.608
ESTC,ELASTIC NV,335844146,ESTC,20260720,60.61,63.21,60.3,62.74,6785,4251,62.374
SIRI,SIRIUSXM HOLDINGS INC,727785544,SIRI,20260717,30.94,31.12,30.43,30.59,14871,8415,30.752
SIRI,SIRIUSXM HOLDINGS INC,727785544,SIRI,20260720,30.72,30.94,30.43,30.6,12542,7652,30.715
OZK,BANK OZK,325898825,OZK,20260717,52.95,53.09,51.8,52.01,7071,4533,52.219
OZK,BANK OZK,325898825,OZK,20260720,52.01,52.25,51.28,51.43,4450,3157,51.56
IESC,IES INC,234843378,IESC,20260717,595.8,629.97,580.38,613.02,2860,1663,612.571
IESC,IES INC,234843378,IESC,20260720,624.99,643.39,613.0,621.04,2366,1373,623.026
MTN,VAIL RESORTS INC,2586162,MTN,20260717,150.01,152.99,147.49,147.86,2337,1842,148.683
MTN,VAIL RESORTS INC,2586162,MTN,20260720,148.95,149.0,145.14,146.08,3138,2427,146.284
WTM,WHITE MOUNTAINS INSURANCE GROUP LT,6607447,WTM,20260717,2198.24,2239.95,2198.24,2211.52,514,328,2220.639
WTM,WHITE MOUNTAINS INSURANCE GROUP LT,6607447,WTM,20260720,2214.5,2249.05,2209.73,2211.22,794,550,2223.792
CUZ,COUSINS PROPERTIES REIT INC,370528272,CUZ,20260717,32.08,32.35,31.57,31.76,5340,3437,31.781
CUZ,COUSINS PROPERTIES REIT INC,370528272,CUZ,20260720,31.73,31.78,31.41,31.55,5175,3836,31.611
VVV,VALVOLINE INC,248754546,VVV,20260717,40.14,41.08,39.75,39.97,9600,6131,40.135
VVV,VALVOLINE INC,248754546,VVV,20260720,40.2,40.32,39.39,39.54,8647,5882,39.66
CLF,CLEVELAND CLIFFS INC,286030327,CLF,20260717,9.34,9.48,9.23,9.28,155215,30233,9.325
CLF,CLEVELAND CLIFFS INC,286030327,CLF,20260720,9.39,9.44,8.84,8.98,224189,41057,9.007
ALK,ALASKA AIR GROUP INC,4352,ALK,20260717,46.6,46.6,45.14,45.51,22848,13328,45.643
ALK,ALASKA AIR GROUP INC,4352,ALK,20260720,45.7,46.73,45.14,46.04,19232,11179,46.069
RLI,RLI CORP,11667,RLI,20260717,60.4,61.59,60.29,61.57,4630,3133,61.007
RLI,RLI CORP,11667,RLI,20260720,61.33,62.06,61.03,61.71,4213,3005,61.774
VSNT,VERSANT MEDIA GROUP INC,838625841,VSNT,20260717,36.4,36.61,35.7,35.9,7266,4776,35.99
VSNT,VERSANT MEDIA GROUP INC,838625841,VSNT,20260720,35.91,36.42,35.71,35.96,7562,5153,36.062
NXST,NEXSTAR MEDIA GROUP INC,26904818,NXST,20260717,183.77,185.65,181.8,183.71,754,537,183.941
NXST,NEXSTAR MEDIA GROUP INC,26904818,NXST,20260720,183.63,185.23,181.39,184.45,1579,1237,183.737
BC,BRUNSWICK CORP,4820,BC,20260717,81.14,83.86,80.04,80.45,4352,2894,81.252
BC,BRUNSWICK CORP,4820,BC,20260720,81.37,81.97,78.41,79.13,2342,1755,79.105
GNTX,GENTEX CORP,269828,GNTX,20260717,24.85,24.85,24.19,24.35,9714,6039,24.412
GNTX,GENTEX CORP,269828,GNTX,20260720,24.39,24.44,23.9,23.97,10889,7262,24.06
ESAB,ESAB CORP,550617891,ESAB,20260717,89.69,91.31,88.11,89.78,7690,4659,89.8433
ESAB,ESAB CORP,550617891,ESAB,20260720,89.87,91.02,82.67,82.99,4296,2159,86.35643
BSY,BENTLEY SYSTEMS INC CLASS B,446864692,BSY,20260717,32.68,33.42,32.14,32.34,16492,10950,32.528
BSY,BENTLEY SYSTEMS INC CLASS B,446864692,BSY,20260720,31.93,32.92,31.64,32.35,12078,7808,32.329
FIG,FIGMA INC CLASS A,802794976,FIG,20260717,22.93,24.39,22.88,23.95,198837,73048,23.884
FIG,FIGMA INC CLASS A,802794976,FIG,20260720,23.33,24.87,23.14,24.02,139471,64412,24.154
DUOL,DUOLINGO INC CLASS A,505002183,DUOL,20260717,131.55,135.82,130.75,133.85,5793,4007,133.461
DUOL,DUOLINGO INC CLASS A,505002183,DUOL,20260720,132.68,136.87,131.02,133.89,3509,2332,134.24
AN,AUTONATION INC,4528615,AN,20260717,207.76,210.04,205.18,205.72,1132,945,206.429
AN,AUTONATION INC,4528615,AN,20260720,206.31,206.31,197.63,197.91,1301,1092,200.231
CE,CELANESE CORP,32943358,CE,20260717,45.69,46.68,45.22,45.7,10736,6840,45.666
CE,CELANESE CORP,32943358,CE,20260720,45.52,45.57,43.77,44.56,10761,7805,44.668
ACI,ALBERTSONS COMPANY INC CLASS A,429435235,ACI,20260717,15.22,15.48,15.0,15.11,29069,12776,15.185
ACI,ALBERTSONS COMPANY INC CLASS A,429435235,ACI,20260720,15.07,15.15,14.88,14.96,29189,11976,15.015
G,GENPACT LTD,45411028,G,20260717,31.39,31.69,30.64,30.89,11616,7065,30.985
G,GENPACT LTD,45411028,G,20260720,30.56,30.95,30.26,30.64,8884,5346,30.713
SHC,SOTERA HEALTH COMPANY,456524004,SHC,20260717,18.09,18.37,17.69,17.75,24157,11780,17.788
SHC,SOTERA HEALTH COMPANY,456524004,SHC,20260720,17.72,17.75,17.38,17.42,13621,8488,17.505
CHWY,CHEWY INC CLASS A,370766146,CHWY,20260717,21.33,21.69,20.84,20.93,37157,21876,21.138
CHWY,CHEWY INC CLASS A,370766146,CHWY,20260720,21.12,22.0,20.71,21.99,61726,30394,21.596
PATH,UIPATH INC CLASS A,483311199,PATH,20260717,12.0,12.44,11.92,12.15,875999,81791,12.154
PATH,UIPATH INC CLASS A,483311199,PATH,20260720,11.94,12.55,11.71,12.16,1657384,98492,12.338
SAIC,SCIENCE APPLICATIONS INTERNATIONAL,134306225,SAIC,20260717,115.48,117.92,114.68,115.51,2208,1675,115.873
SAIC,SCIENCE APPLICATIONS INTERNATIONAL,134306225,SAIC,20260720,115.73,115.99,112.09,112.66,2171,1384,114.382
RITM,RITHM CAPITAL CORP,169688387,RITM,20260717,9.4,9.5,9.24,9.32,54785,11562,9.323
RITM,RITHM CAPITAL CORP,169688387,RITM,20260720,9.29,9.32,9.1,9.2,69595,13757,9.182
WSC,WILLSCOT HOLDINGS CORP CLASS A,430976304,WSC,20260717,26.51,27.3,26.21,27.23,9121,4866,26.956
WSC,WILLSCOT HOLDINGS CORP CLASS A,430976304,WSC,20260720,27.67,28.13,26.08,26.09,11558,6516,26.46
CELH,CELSIUS HOLDINGS INC,71364351,CELH,20260717,30.13,30.35,28.55,28.99,69560,31436,29.159
CELH,CELSIUS HOLDINGS INC,71364351,CELH,20260720,28.93,29.51,28.39,29.42,48504,23876,28.874
LLYVK,LIBERTY LIVE HOLDINGS INC SERIES C,837688565,LLYVK,20260717,102.18,102.85,100.87,102.67,1446,1271,101.862
LLYVK,LIBERTY LIVE HOLDINGS INC SERIES C,837688565,LLYVK,20260720,102.67,104.03,101.26,101.59,1728,1478,102.238
SLM,SLM CORP,12211,SLM,20260717,25.5,25.63,25.16,25.34,9792,7004,25.382
SLM,SLM CORP,12211,SLM,20260720,25.3,25.54,25.08,25.33,13109,8490,25.371
SITE,SITEONE LANDSCAPE SUPPLY INC,233089461,SITE,20260717,107.4,109.06,103.14,103.73,2449,1709,105.035
SITE,SITEONE LANDSCAPE SUPPLY INC,233089461,SITE,20260720,103.47,104.19,101.19,102.78,3703,2444,102.411
LPX,LOUISIANA PACIFIC CORP,9204,LPX,20260717,76.58,77.61,73.63,73.98,4294,3087,75.154
LPX,LOUISIANA PACIFIC CORP,9204,LPX,20260720,73.97,73.97,70.93,71.32,3585,2293,71.556
VIRT,VIRTU FINANCIAL INC CLASS A,190480975,VIRT,20260717,57.56,57.64,55.47,55.71,7048,4139,56.282
VIRT,VIRTU FINANCIAL INC CLASS A,190480975,VIRT,20260720,56.15,57.38,55.6,56.66,4349,3149,56.768
GAP,GAP INC,7765,GAP,20260717,20.63,21.24,20.06,20.35,45160,23546,20.47
GAP,GAP INC,7765,GAP,20260720,20.37,20.46,19.69,19.88,48291,28717,19.982
FCN,FTI CONSULTING INC,6604491,FCN,20260717,163.8,167.26,161.94,162.55,874,691,163.201
FCN,FTI CONSULTING INC,6604491,FCN,20260720,160.79,161.9,158.83,160.58,1362,1062,160.489
DBX,DROPBOX INC CLASS A,311892159,DBX,20260717,30.49,30.94,30.36,30.62,19344,13022,30.663
DBX,DROPBOX INC CLASS A,311892159,DBX,20260720,30.46,30.64,29.98,30.53,12589,8855,30.422
KRC,KILROY REALTY REIT CORP,2586128,KRC,20260717,40.32,40.85,39.8,40.25,9941,4966,40.13
KRC,KILROY REALTY REIT CORP,2586128,KRC,20260720,40.25,40.4,39.41,39.64,6517,4716,39.764
TREX,TREX INC,6608603,TREX,20260717,45.15,46.5,44.66,45.13,8377,5580,45.273
TREX,TREX INC,6608603,TREX,20260720,45.36,45.36,42.82,43.18,8867,6321,43.394
PRIM,PRIMORIS SERVICES CORP,53509761,PRIM,20260717,86.25,89.13,84.57,85.96,7942,6293,86.928
PRIM,PRIMORIS SERVICES CORP,53509761,PRIM,20260720,87.25,89.1,85.98,86.64,6426,3913,87.136
KBR,KBR INC,41552939,KBR,20260717,36.01,36.43,34.98,35.07,6675,4983,35.303
KBR,KBR INC,41552939,KBR,20260720,35.14,35.42,34.48,34.57,7552,5315,34.965
EPR,EPR PROPERTIES REIT,116776441,EPR,20260717,62.5,63.3,61.71,62.21,2104,1327,62.38
EPR,EPR PROPERTIES REIT,116776441,EPR,20260720,62.15,62.34,61.5,62.17,2847,1950,61.946
COLD,AMERICOLD REALTY INC TRUST,302902503,COLD,20260717,15.76,16.14,15.76,15.93,20881,10412,15.988
COLD,AMERICOLD REALTY INC TRUST,302902503,COLD,20260720,15.91,15.99,15.37,15.46,36055,13724,15.549
NEU,NEWMARKET CORP,7002,NEU,20260717,771.57,782.27,764.71,770.23,1467,933,773.255
NEU,NEWMARKET CORP,7002,NEU,20260720,769.09,785.66,756.2,779.81,2005,1081,771.285
MRP,MILLROSE PROPERTIES INC CLASS A,755606536,MRP,20260717,29.6,29.89,29.16,29.42,7169,3912,29.54
MRP,MILLROSE PROPERTIES INC CLASS A,755606536,MRP,20260720,29.5,29.53,28.69,28.81,6156,3452,28.98
BEPC,BROOKFIELD RENEWABLE SUBORDINATE V,751356948,BEPC,20260717,34.11,34.21,33.66,33.91,9214,5842,33.913
BEPC,BROOKFIELD RENEWABLE SUBORDINATE V,751356948,BEPC,20260720,34.17,34.7,33.91,34.22,5378,3634,34.252
EPAM,EPAM SYSTEMS INC,101898880,EPAM,20260717,87.87,89.35,85.32,88.66,5742,3571,87.914
EPAM,EPAM SYSTEMS INC,101898880,EPAM,20260720,87.26,90.53,85.88,89.4,5903,4165,89.248
VNT,VONTIER CORP,445554157,VNT,20260717,30.27,30.98,30.22,30.35,5597,4032,30.421
VNT,VONTIER CORP,445554157,VNT,20260720,30.39,30.59,29.66,29.79,4871,3453,29.838
BYD,BOYD GAMING CORP,5365,BYD,20260717,90.13,90.52,87.61,87.72,5976,4622,88.205
BYD,BOYD GAMING CORP,5365,BYD,20260720,88.11,89.15,87.53,88.17,6703,4813,88.532
NVST,ENVISTA HOLDINGS CORP,383308243,NVST,20260717,26.71,27.31,26.61,26.74,10964,7415,26.802
NVST,ENVISTA HOLDINGS CORP,383308243,NVST,20260720,26.78,27.0,26.5,26.58,9088,5485,26.672
IRDM,IRIDIUM COMMUNICATIONS INC,69195736,IRDM,20260717,46.25,47.57,45.78,46.68,9771,5612,46.902
IRDM,IRIDIUM COMMUNICATIONS INC,69195736,IRDM,20260720,46.57,47.27,46.03,46.41,10710,5567,46.675
MDU,MDU RESOURCES GROUP INC,9485,MDU,20260717,21.46,21.56,21.06,21.14,5787,3981,21.179
MDU,MDU RESOURCES GROUP INC,9485,MDU,20260720,21.11,21.27,20.81,20.87,4928,3439,20.94
RHI,ROBERT HALF,11634,RHI,20260717,41.99,42.09,40.66,41.8,11008,7106,41.5
RHI,ROBERT HALF,11634,RHI,20260720,40.62,42.17,40.53,41.83,9788,5938,41.664
RYAN,RYAN SPECIALTY HOLDINGS INC CLASS,503836700,RYAN,20260717,42.88,43.73,41.48,41.97,12985,8542,42.045
RYAN,RYAN SPECIALTY HOLDINGS INC CLASS,503836700,RYAN,20260720,41.6,42.88,41.28,41.97,8037,5058,42.249
GTLB,GITLAB INC CLASS A,520512263,GTLB,20260717,31.4,32.8,31.2,32.72,21480,12614,32.291
GTLB,GITLAB INC CLASS A,520512263,GTLB,20260720,32.59,34.99,31.55,34.07,33100,19626,34.148
CPB,CAMPBELL SOUP,5980,CPB,20260717,22.99,23.35,21.98,22.08,40218,20003,22.398
CPB,CAMPBELL SOUP,5980,CPB,20260720,22.01,22.15,21.69,22.09,29799,14282,21.973
TNL,TRAVEL LEISURE,469015035,TNL,20260717,75.24,76.07,72.76,73.27,3314,2654,73.668
TNL,TRAVEL LEISURE,469015035,TNL,20260720,73.88,74.19,72.24,72.56,4257,3376,72.797
BBWI,BATH AND BODY WORKS INC,502252263,BBWI,20260717,21.2,21.71,20.7,20.87,34520,22035,20.914
BBWI,BATH AND BODY WORKS INC,502252263,BBWI,20260720,20.82,20.99,20.22,20.51,28707,18387,20.6
NWS,NEWS CORP CLASS B,129348130,NWS,20260717,32.64,32.91,32.19,32.42,5054,3709,32.473
NWS,NEWS CORP CLASS B,129348130,NWS,20260720,32.43,32.48,32.04,32.21,4109,3223,32.264
MAT,MATTEL INC,9365,MAT,20260717,14.7,14.8,14.25,14.3,28152,12939,14.386
MAT,MATTEL INC,9365,MAT,20260720,14.34,14.47,14.1,14.14,54976,19999,14.257
EXLS,EXLSERVICE HOLDINGS INC,41155380,EXLS,20260717,28.64,29.01,27.83,28.16,15462,9649,28.127
EXLS,EXLSERVICE HOLDINGS INC,41155380,EXLS,20260720,27.94,28.39,27.46,28.18,8492,5951,28.149
FIGR,FIGURE TECHNOLOGY SOLUTIONS INC CL,813325480,FIGR,20260717,29.68,30.38,28.62,28.97,12092,6247,29.486
FIGR,FIGURE TECHNOLOGY SOLUTIONS INC CL,813325480,FIGR,20260720,28.96,30.7,28.2,30.42,18359,10830,29.885
SLGN,SILGAN HOLDINGS INC,4818193,SLGN,20260717,47.96,48.3,46.7,47.18,8557,4263,47.085
SLGN,SILGAN HOLDINGS INC,4818193,SLGN,20260720,47.1,47.36,45.98,46.07,8349,4935,46.279
GSAT,GLOBALSTAR VOTING INC,760229174,GSAT,20260717,79.24,80.09,79.05,79.18,9422,6021,79.445
GSAT,GLOBALSTAR VOTING INC,760229174,GSAT,20260720,79.48,79.84,79.07,79.33,6399,4142,79.436
PLNT,PLANET FITNESS INC CLASS A,202114841,PLNT,20260717,52.84,53.56,52.08,52.36,8858,5947,52.68
PLNT,PLANET FITNESS INC CLASS A,202114841,PLNT,20260720,53.0,56.18,53.0,55.25,15156,9831,55.114
GLXY,GALAXY DIGITAL INC CLASS A,784233662,GLXY,20260717,21.5,22.43,21.01,21.63,39999,21099,21.64
GLXY,GALAXY DIGITAL INC CLASS A,784233662,GLXY,20260720,22.48,24.0,22.39,23.66,33838,18072,23.401
OLLI,OLLIES BARGAIN OUTLET HOLDINGS INC,199975711,OLLI,20260717,67.58,69.14,66.27,66.51,11095,7025,67.483
OLLI,OLLIES BARGAIN OUTLET HOLDINGS INC,199975711,OLLI,20260720,66.52,68.31,65.85,67.43,12229,7830,67.446
MKTX,MARKETAXESS HOLDINGS INC,31918430,MKTX,20260717,116.45,118.04,112.94,113.8,1364,1087,114.228
MKTX,MARKETAXESS HOLDINGS INC,31918430,MKTX,20260720,113.02,115.05,112.04,114.92,1260,920,114.178
YETI,YETI HOLDINGS INC,338719595,YETI,20260717,51.38,52.48,50.17,51.05,9131,5736,51.348
YETI,YETI HOLDINGS INC,338719595,YETI,20260720,52.63,53.21,50.77,50.82,8772,5651,51.5
LAZ,LAZARD INC,673821848,LAZ,20260717,41.92,43.79,40.85,43.16,7894,4440,43.248
LAZ,LAZARD INC,673821848,LAZ,20260720,43.41,43.41,42.05,42.14,5429,3736,42.374
THO,THOR INDUSTRIES INC,12786,THO,20260717,77.0,78.88,74.98,76.27,3472,2224,76.25
THO,THOR INDUSTRIES INC,12786,THO,20260720,76.29,76.88,74.32,75.79,3094,1940,75.686
BFAM,BRIGHT HORIZONS FAMILY SOLUTIONS I,121250909,BFAM,20260717,78.0,79.41,76.03,76.58,3570,2718,76.872
BFAM,BRIGHT HORIZONS FAMILY SOLUTIONS I,121250909,BFAM,20260720,75.81,77.8,74.94,77.51,4795,3489,76.993
WING,WINGSTOP INC,196892722,WING,20260717,139.8,144.6,139.8,142.33,4119,2754,142.152
WING,WINGSTOP INC,196892722,WING,20260720,146.75,150.46,139.35,141.1,5523,3827,141.872
APPF,APPFOLIO INC CLASS A,198500838,APPF,20260717,180.0,184.19,178.29,179.73,1162,838,180.878
APPF,APPFOLIO INC CLASS A,198500838,APPF,20260720,176.52,180.64,173.63,179.09,1841,1329,178.05
CWEN,CLEARWAY ENERGY INC CLASS C,332126693,CWEN,20260717,33.76,33.93,33.17,33.41,5901,3120,33.513
CWEN,CLEARWAY ENERGY INC CLASS C,332126693,CWEN,20260720,33.66,33.88,33.17,33.33,3676,2197,33.395
LOPE,GRAND CANYON EDUCATION INC,55922559,LOPE,20260717,143.38,145.9,139.18,140.44,1271,971,140.435
LOPE,GRAND CANYON EDUCATION INC,55922559,LOPE,20260720,141.22,141.45,138.97,139.46,1751,1216,139.555
JHX,JAMES HARDIE INDUSTRIES PLC,794909199,JHX,20260717,25.89,26.81,25.75,25.82,38196,24723,26.136
JHX,JAMES HARDIE INDUSTRIES PLC,794909199,JHX,20260720,25.87,25.94,24.97,24.98,28540,18570,25.198
VKTX,VIKING THERAPEUTICS INC,192379311,VKTX,20260717,35.79,37.63,35.29,37.08,11087,5687,36.84489
VKTX,VIKING THERAPEUTICS INC,192379311,VKTX,20260720,37.19,38.0999,36.36,36.38,12070,6581,37.02312
ELF,ELF BEAUTY INC,248682005,ELF,20260717,73.25,75.53,72.16,73.69,12606,8601,73.434
ELF,ELF BEAUTY INC,248682005,ELF,20260720,73.47,80.0,73.23,79.65,21057,12836,78.32
JBS,JBS N V NV CLASS A,790695214,JBS,20260717,12.1,12.24,11.72,11.91,31412,11853,11.91
JBS,JBS N V NV CLASS A,790695214,JBS,20260720,11.98,12.09,11.87,12.03,18975,7288,11.987
BHF,BRIGHTHOUSE FINANCIAL INC,282563276,BHF,20260717,65.6,65.94,65.13,65.61,1465,1020,65.65
BHF,BRIGHTHOUSE FINANCIAL INC,282563276,BHF,20260720,66.0,66.0,64.75,64.91,1914,1490,65.178
PVH,PVH CORP,90794895,PVH,20260717,79.22,80.72,77.6,78.15,3383,2542,78.626
PVH,PVH CORP,90794895,PVH,20260720,77.84,78.58,76.5,77.25,3738,3010,77.464
FHB,FIRST HAWAIIAN INC,242971206,FHB,20260717,29.56,29.68,29.17,29.29,16475,11427,29.397
FHB,FIRST HAWAIIAN INC,242971206,FHB,20260720,29.31,29.4,28.81,28.86,14815,10927,28.988
CCC,CCC INTELLIGENT SOLUTIONS HOLDINGS,505405416,CCC,20260717,6.06,6.22,6.01,6.05,60592,16524,6.106
CCC,CCC INTELLIGENT SOLUTIONS HOLDINGS,505405416,CCC,20260720,6.01,6.3,5.95,6.26,75323,18003,6.192
BILL,BILL HOLDINGS INC,395196161,BILL,20260717,44.52,45.19,43.9,44.71,19277,12232,44.573
BILL,BILL HOLDINGS INC,395196161,BILL,20260720,44.18,46.5,44.08,45.18,15915,10346,45.702
PAG,PENSKE AUTOMOTIVE GROUP VOTING INC,45006145,PAG,20260717,203.03,206.74,201.21,202.66,1066,947,202.56
PAG,PENSKE AUTOMOTIVE GROUP VOTING INC,45006145,PAG,20260720,203.64,203.64,194.77,195.5,889,677,197.733
ADT,ADT INC,302902498,ADT,20260717,7.06,7.24,6.93,7.0,55229,11777,7.041
ADT,ADT INC,302902498,ADT,20260720,6.96,7.01,6.91,7.0,47645,11006,6.972
OGN,ORGANON,490414355,OGN,20260717,13.49,13.53,13.49,13.52,9894,3456,13.517
OGN,ORGANON,490414355,OGN,20260720,13.51,13.52,13.49,13.49,9332,2962,13.506
AGO,ASSURED GUARANTY LTD,28840439,AGO,20260717,84.12,86.37,84.12,84.96,909,707,84.63
AGO,ASSURED GUARANTY LTD,28840439,AGO,20260720,84.38,85.85,84.38,85.41,1573,1028,85.289
OLED,UNIVERSAL DISPLAY CORP,4816201,OLED,20260717,78.27,80.9,77.5,80.18,3067,2358,79.739
OLED,UNIVERSAL DISPLAY CORP,4816201,OLED,20260720,80.5,81.98,79.4,81.54,4328,3209,81.211
POST,POST HOLDINGS INC,100547520,POST,20260717,89.22,90.5,85.92,86.86,2869,2219,87.29
POST,POST HOLDINGS INC,100547520,POST,20260720,85.5,87.48,85.0,87.34,3856,2625,86.494
HLNE,HAMILTON LANE INC CLASS A,268212409,HLNE,20260717,84.36,87.1,84.19,85.85,3190,2089,85.444
HLNE,HAMILTON LANE INC CLASS A,268212409,HLNE,20260720,85.76,85.8,81.68,84.6,5180,3225,84.835
LBRDK,LIBERTY BROADBAND CORP SERIES C,172185589,LBRDK,20260717,31.47,32.21,30.84,30.87,4129,3187,31.328
LBRDK,LIBERTY BROADBAND CORP SERIES C,172185589,LBRDK,20260720,31.03,31.03,30.16,30.36,4979,3297,30.526
DRS,LEONARDO DRS INC,478483396,DRS,20260717,42.78,44.72,42.51,44.14,4122,2938,44.132
DRS,LEONARDO DRS INC,478483396,DRS,20260720,44.28,44.81,44.15,44.41,3086,2292,44.5
MORN,MORNINGSTAR INC,34415020,MORN,20260717,173.36,178.54,169.98,172.48,1119,943,172.198
MORN,MORNINGSTAR INC,34415020,MORN,20260720,170.39,173.14,167.97,171.76,734,512,171.253
GPK,GRAPHIC PACKAGING HOLDING,49476732,GPK,20260717,11.26,11.33,10.66,10.82,29771,13545,10.856
GPK,GRAPHIC PACKAGING HOLDING,49476732,GPK,20260720,10.82,10.96,10.55,10.84,38267,19112,10.837
AMTM,AMENTUM HOLDINGS INC,729362584,AMTM,20260717,20.8,21.28,20.5,20.68,6207,4099,20.784
AMTM,AMENTUM HOLDINGS INC,729362584,AMTM,20260720,20.85,21.65,20.67,21.16,13000,7255,21.197
EEFT,EURONET WORLDWIDE INC,4729968,EEFT,20260717,81.0,81.74,79.75,81.34,2347,1412,80.967
EEFT,EURONET WORLDWIDE INC,4729968,EEFT,20260720,81.27,82.08,79.64,81.35,2890,2023,81.315
LINE,LINEAGE INC,718209238,LINE,20260717,44.16,44.92,43.9,44.59,2918,1935,44.378
LINE,LINEAGE INC,718209238,LINE,20260720,44.34,44.68,43.12,43.22,4141,2765,43.56
KRMN,KARMAN HOLDINGS INC,760582932,KRMN,20260717,46.6,48.64,45.5,46.17,21954,14713,47.034
KRMN,KARMAN HOLDINGS INC,760582932,KRMN,20260720,46.0,47.68,44.5,44.88,40153,19074,46.0
SMG,SCOTTS MIRACLE GRO,274173,SMG,20260717,73.47,75.34,70.52,70.98,11765,6985,73.326
SMG,SCOTTS MIRACLE GRO,274173,SMG,20260720,70.94,71.16,68.77,69.3,6572,4380,69.918
RNG,RINGCENTRAL INC CLASS A,135390580,RNG,20260717,41.44,42.83,40.99,41.32,7788,5700,41.413
RNG,RINGCENTRAL INC CLASS A,135390580,RNG,20260720,40.81,41.56,40.06,40.74,7428,5489,40.965
NSA,NATIONAL STORAGE AFFILIATES TRUST,191674687,NSA,20260717,45.56,46.07,44.4,44.5,19221,14276,44.88
NSA,NATIONAL STORAGE AFFILIATES TRUST,191674687,NSA,20260720,44.48,44.48,43.86,44.18,11148,7455,44.061
DLB,DOLBY LABORATORIES INC CLASS A,33205673,DLB,20260717,49.64,50.04,48.56,49.07,4325,2779,49.101
DLB,DOLBY LABORATORIES INC CLASS A,33205673,DLB,20260720,49.37,50.67,48.55,50.64,4849,2926,49.935
LOAR,LOAR HOLDINGS INC,699030008,LOAR,20260717,68.77,71.0,68.05,69.99,3370,1852,69.701
LOAR,LOAR HOLDINGS INC,699030008,LOAR,20260720,70.5,71.8,69.69,69.93,1906,1297,70.182
ALM,ALMONTY INDUSTRIES INC,797031797,ALM,20260717,12.82,14.12,12.45,13.77,45156,21092,13.487
ALM,ALMONTY INDUSTRIES INC,797031797,ALM,20260720,14.1,14.35,13.66,13.93,29775,15075,13.883
QS,QUANTUMSCAPE CORP CLASS A,457599435,QS,20260717,5.73,6.01,5.64,5.86,191631,26760,5.833
QS,QUANTUMSCAPE CORP CLASS A,457599435,QS,20260720,5.93,6.03,5.84,5.89,217162,31056,5.929
CHH,CHOICE HOTELS INTERNATIONAL INC,2585515,CHH,20260717,110.82,111.91,109.1,111.84,2369,1783,110.595
CHH,CHOICE HOTELS INTERNATIONAL INC,2585515,CHH,20260720,112.48,113.03,106.86,109.96,5662,3330,109.044
CAR,AVIS BUDGET GROUP INC,40673933,CAR,20260717,153.23,162.99,153.23,160.57,1142,842,160.051
CAR,AVIS BUDGET GROUP INC,40673933,CAR,20260720,159.01,163.87,157.87,159.52,1026,797,160.342
HAYW,HAYWARD HOLDINGS INC,475864036,HAYW,20260717,14.79,15.01,14.33,14.36,13149,8307,14.527
HAYW,HAYWARD HOLDINGS INC,475864036,HAYW,20260720,14.27,14.4,13.92,14.07,17438,10503,14.051
FOUR,SHIFT4 PAYMENTS INC CLASS A,425010522,FOUR,20260717,49.96,51.16,49.4,50.31,3949,2755,50.348
FOUR,SHIFT4 PAYMENTS INC CLASS A,425010522,FOUR,20260720,50.02,51.74,49.01,50.87,3545,2347,50.799
DOCS,DOXIMITY INC CLASS A,498661844,DOCS,20260717,21.96,22.3,21.49,21.52,12558,8149,21.667
DOCS,DOXIMITY INC CLASS A,498661844,DOCS,20260720,21.0,21.9,20.9,21.73,24359,13072,21.63
PPLI,PEOPLE,491653063,PPLI,20260717,44.99,45.45,44.2,44.53,2814,2207,44.532
PPLI,PEOPLE,491653063,PPLI,20260720,45.18,45.9,44.25,44.72,2750,1969,45.007
KD,KYNDRYL HOLDINGS INC,520488080,KD,20260717,12.04,12.31,11.75,12.15,21002,12802,12.073
KD,KYNDRYL HOLDINGS INC,520488080,KD,20260720,12.0,12.36,11.74,12.22,18475,10040,12.155
PEGA,PEGASYSTEMS INC,4816398,PEGA,20260717,32.27,33.2,31.21,32.16,19909,10648,32.276
PEGA,PEGASYSTEMS INC,4816398,PEGA,20260720,31.52,32.1,30.85,31.69,40064,19922,31.451
FRHC,FREEDOM HOLDING CORP,288038496,FRHC,20260717,147.81,153.9,147.81,152.69,447,365,151.885
FRHC,FREEDOM HOLDING CORP,288038496,FRHC,20260720,152.49,157.99,147.45,157.52,619,510,153.227
BOKF,BOK FINANCIAL CORP,266934,BOKF,20260717,142.17,143.39,140.56,141.24,1035,794,141.389
BOKF,BOK FINANCIAL CORP,266934,BOKF,20260720,141.06,141.91,139.68,140.47,3820,1648,140.86
FRPT,FRESHPET INC,173148144,FRPT,20260717,56.41,57.78,54.47,56.64,6353,4227,55.832
FRPT,FRESHPET INC,173148144,FRPT,20260720,56.97,57.31,55.89,56.95,4306,2826,56.83
IPGP,IPG PHOTONICS CORP,41891895,IPGP,20260717,101.32,105.75,97.15,104.33,1914,1362,103.91
IPGP,IPG PHOTONICS CORP,41891895,IPGP,20260720,105.0,105.86,97.32,97.9,1436,1072,99.455
OLN,OLIN CORP,10799,OLN,20260717,22.14,22.39,21.8,21.99,12202,8407,22.074
OLN,OLIN CORP,10799,OLN,20260720,21.71,22.45,21.44,22.18,14102,8130,22.122
WLK,WESTLAKE CORP,30351217,WLK,20260717,78.2,79.84,77.08,77.63,2461,1875,77.797
WLK,WESTLAKE CORP,30351217,WLK,20260720,77.08,77.69,76.0,76.91,2533,1801,77.045
WU,WESTERN UNION,40773257,WU,20260717,8.24,8.95,8.17,8.88,202047,46022,8.696
WU,WESTERN UNION,40773257,WU,20260720,8.64,8.74,8.45,8.66,81878,23644,8.641
KVYO,KLAVIYO INC SERIES A,654750909,KVYO,20260717,17.57,18.14,17.56,17.67,26243,17550,17.82
KVYO,KLAVIYO INC SERIES A,654750909,KVYO,20260720,17.37,18.54,17.01,18.15,27719,16540,18.106
CACC,CREDIT ACCEPTANCE CORP,267192,CACC,20260717,629.46,640.72,629.02,640.0,688,418,635.047
CACC,CREDIT ACCEPTANCE CORP,267192,CACC,20260720,640.13,642.32,615.02,615.75,2897,1345,621.421
MPT,MEDICAL PROPERTIES TRUST REIT INC,35111040,MPT,20260717,4.79,4.85,4.71,4.75,28769,6509,4.755
MPT,MEDICAL PROPERTIES TRUST REIT INC,35111040,MPT,20260720,4.75,4.8,4.71,4.75,29134,6772,4.748
FWONA,LIBERTY MEDIA FORMULA ONE SERIES A,644840991,FWONA,20260717,91.87,94.04,91.69,93.88,873,706,93.45
FWONA,LIBERTY MEDIA FORMULA ONE SERIES A,644840991,FWONA,20260720,93.88,94.5,91.07,91.17,774,604,92.172
HHH,HOWARD HUGHES HOLDINGS INC,647324601,HHH,20260717,72.22,72.6,70.09,70.32,2085,1305,70.678
HHH,HOWARD HUGHES HOLDINGS INC,647324601,HHH,20260720,70.36,70.36,68.42,68.49,1489,823,69.15
UI,UBIQUITI INC,379198868,UI,20260717,528.99,552.44,526.17,545.95,1070,614,545.06
UI,UBIQUITI INC,379198868,UI,20260720,548.02,554.48,526.96,532.41,1125,786,536.247
PSN,PARSONS CORP,365037248,PSN,20260717,57.63,58.35,55.51,56.05,4714,3542,56.226
PSN,PARSONS CORP,365037248,PSN,20260720,55.95,56.7,55.01,55.48,3201,2018,55.83
WHR,WHIRLPOOL CORP,13751,WHR,20260717,39.59,39.95,38.01,38.24,10279,5485,38.591
WHR,WHIRLPOOL CORP,13751,WHR,20260720,38.47,38.47,36.25,36.91,15241,7502,36.995
AUGO,AURA MINERALS INC,348573506,AUGO,20260717,49.63,51.3,48.05,50.22,4479,2954,49.68618
AUGO,AURA MINERALS INC,348573506,AUGO,20260720,49.95,50.84,49.495,50.07,3235,2257,50.12565
CAI,CARIS LIFE SCIENCES INC,792312081,CAI,20260717,16.12,16.74,16.02,16.49,19889,12004,16.501
CAI,CARIS LIFE SCIENCES INC,792312081,CAI,20260720,16.27,16.47,15.52,15.56,16678,10012,15.787
LLYVA,LIBERTY LIVE HOLDINGS INC SERIES A,837688570,LLYVA,20260717,97.82,98.99,97.35,98.78,713,615,98.009
LLYVA,LIBERTY LIVE HOLDINGS INC SERIES A,837688570,LLYVA,20260720,98.97,100.19,97.32,97.6,1026,864,98.4
MFP,MIDERA FOOD PROCESSING INC WHEN IS,895214815,MFP,20260717,44.11,45.02,40.47,41.87,6831,4556,42.13
MFP,MIDERA FOOD PROCESSING INC WHEN IS,895214815,MFP,20260720,42.0,44.18,41.12,43.42,5139,3147,43.458
SNDR,SCHNEIDER NATIONAL INC CLASS B,271857752,SNDR,20260717,38.22,38.88,38.09,38.19,6851,5024,38.361
SNDR,SCHNEIDER NATIONAL INC CLASS B,271857752,SNDR,20260720,37.66,38.09,37.46,37.47,3325,2557,37.688
BIRK,BIRKENSTOCK HOLDING PLC,658821477,BIRK,20260717,44.76,45.77,43.78,44.36,5279,3887,44.317
BIRK,BIRKENSTOCK HOLDING PLC,658821477,BIRK,20260720,43.22,43.8,42.57,42.77,7790,5568,42.927
LBTYA,LIBERTY GLOBAL LTD CLASS A,667891544,LBTYA,20260717,10.77,10.77,10.34,10.41,8063,4166,10.469
LBTYA,LIBERTY GLOBAL LTD CLASS A,667891544,LBTYA,20260720,10.4,10.47,10.24,10.31,8820,4843,10.321
DDS,DILLARDS INC CLASS A,6390,DDS,20260717,545.78,555.58,540.82,550.93,852,558,547.691
DDS,DILLARDS INC CLASS A,6390,DDS,20260720,546.72,556.23,540.89,555.99,1027,681,548.953
SMMT,SUMMIT THERAPEUTICS INC,446220213,SMMT,20260717,13.47,14.075,13.36,13.81,18953,11637,13.80599
SMMT,SUMMIT THERAPEUTICS INC,446220213,SMMT,20260720,13.74,14.35,13.49,13.5,15820,8434,13.85214
ZG,ZILLOW GROUP INC CLASS A,184072087,ZG,20260717,33.79,34.18,32.89,33.71,4720,3373,33.383
ZG,ZILLOW GROUP INC CLASS A,184072087,ZG,20260720,33.3,33.68,32.33,32.84,5718,3890,32.85
REYN,REYNOLDS CONSUMER PRODUCTS INC,402183626,REYN,20260717,26.7,26.83,26.13,26.24,3956,3033,26.348
REYN,REYNOLDS CONSUMER PRODUCTS INC,402183626,REYN,20260720,26.26,26.45,26.0,26.06,4032,2771,26.09
LBTYK,LIBERTY GLOBAL LTD CLASS C,667891543,LBTYK,20260717,10.4,10.45,10.04,10.09,4181,2353,10.136
LBTYK,LIBERTY GLOBAL LTD CLASS C,667891543,LBTYK,20260720,10.05,10.35,9.96,9.99,4343,2328,10.03
JAN,JANUS LIVING INC CLASS A,865214463,JAN,20260717,29.94,30.73,29.6,30.35,5782,4015,30.403
JAN,JANUS LIVING INC CLASS A,865214463,JAN,20260720,30.57,31.24,29.85,30.16,7437,4103,30.138
SEB,SEABOARD CORP,756577,SEB,20260717,4646.0,4680.96,4486.28,4535.81,83,72,4570.779
SEB,SEABOARD CORP,756577,SEB,20260720,4574.74,4597.98,4469.53,4531.54,47,35,4543.487
COLM,COLUMBIA SPORTSWEAR,4728458,COLM,20260717,64.35,65.4,63.17,63.5,2028,1724,63.835
COLM,COLUMBIA SPORTSWEAR,4728458,COLM,20260720,63.39,63.86,60.93,61.39,5570,3162,61.468
CNA,CNA FINANCIAL CORP,5862,CNA,20260717,51.97,52.98,51.89,52.27,3317,2546,52.305
CNA,CNA FINANCIAL CORP,5862,CNA,20260720,52.24,52.99,51.85,52.91,1905,1436,52.736
INGM,INGRAM MICRO HOLDING CORP,737201087,INGM,20260717,28.1,29.29,27.96,29.28,4818,3343,29.065
INGM,INGRAM MICRO HOLDING CORP,737201087,INGM,20260720,29.28,29.5,28.4,28.5,4057,2979,28.684
FRMI,FERMI INC,819137403,FRMI,20260717,5.75,6.31,5.7,6.05,155990,42564,6.067
FRMI,FERMI INC,819137403,FRMI,20260720,5.95,6.24,5.87,6.12,69217,24531,6.059
SFD,SMITHFIELD FOODS INC,757612274,SFD,20260717,25.81,26.15,25.51,25.77,4217,2843,25.763
SFD,SMITHFIELD FOODS INC,757612274,SFD,20260720,25.77,26.07,25.55,25.9,5299,3552,25.809
PPC,PILGRIMS PRIDE CORP,71395583,PPC,20260717,29.47,29.71,28.64,29.11,15436,8861,28.975
PPC,PILGRIMS PRIDE CORP,71395583,PPC,20260720,28.95,29.49,28.33,29.16,9154,5638,29.03
MWH,SOLV ENERGY CLASS A INC,853727839,MWH,20260717,28.69,29.64,28.12,28.41,20923,13317,28.952
MWH,SOLV ENERGY CLASS A INC,853727839,MWH,20260720,28.5,29.24,27.35,27.98,9847,6203,27.949
TFSL,TFS FINANCIAL CORP,43985746,TFSL,20260717,18.44,18.48,18.15,18.28,4051,2727,18.278
TFSL,TFS FINANCIAL CORP,43985746,TFSL,20260720,18.25,18.33,18.06,18.23,4895,3145,18.217
SAIL,SAILPOINT INC,760966616,SAIL,20260717,15.6,16.2,15.29,15.68,23731,14329,15.643
SAIL,SAILPOINT INC,760966616,SAIL,20260720,15.54,15.64,14.91,15.22,27313,13896,15.284
BLSH,BULLISH,805705289,BLSH,20260717,22.6,23.44,22.32,22.41,7304,3848,22.737
BLSH,BULLISH,805705289,BLSH,20260720,22.36,23.3,21.84,22.69,7206,3785,22.622
CBC,CENTRAL BANCOMPANY INC CLASS A,56538397,CBC,20260717,31.99,32.1,31.52,31.68,2842,1484,31.744
CBC,CENTRAL BANCOMPANY INC CLASS A,56538397,CBC,20260720,31.66,31.93,31.54,31.77,2315,1386,31.667
UHAL,U HAUL HOLDING,14487733,UHAL,20260717,72.73,72.95,70.95,71.3,1006,855,71.401
UHAL,U HAUL HOLDING,14487733,UHAL,20260720,71.29,71.75,70.54,70.89,876,747,71.055
XE,X-ENERGY INC CLASS A,876880491,XE,20260717,13.61,14.78,13.47,14.02,41233,17696,14.267
XE,X-ENERGY INC CLASS A,876880491,XE,20260720,14.39,15.73,14.24,15.66,30314,13839,15.167
NIQ,NIQ GLOBAL INTELLIGENCE PLC,801299795,NIQ,20260717,11.05,11.42,10.87,11.0,5787,3327,10.985
NIQ,NIQ GLOBAL INTELLIGENCE PLC,801299795,NIQ,20260720,10.82,11.02,10.6,10.74,11044,6857,10.884
LBRDA,LIBERTY BROADBAND CORP SERIES A,172185594,LBRDA,20260717,31.66,32.19,30.85,30.86,888,744,31.194
LBRDA,LIBERTY BROADBAND CORP SERIES A,172185594,LBRDA,20260720,30.72,30.9,30.2,30.33,850,732,30.484
UWMC,UWM HOLDINGS CORP CLASS A,467250056,UWMC,20260717,2.02,2.06,2.02,2.02,61562,9083,2.03754
UWMC,UWM HOLDINGS CORP CLASS A,467250056,UWMC,20260720,2.02,2.02,1.87,1.89,176931,17360,1.9099
